player_id,name,transfer_date,from_club_name,to_club_name,position,sub_position,foot,height_in_cm,age_at_transfer,transfer_fee,market_value_in_eur,value_before,value_after,value_peak,fee_to_value_ratio,club_quality_ratio,from_total_market_value,to_total_market_value,from_domestic_competition_id,to_domestic_competition_id,pre_apps,pre_minutes,pre_goals,pre_assists,pre_ga_p90,pre_goals_p90,pre_mins_per_app,post_apps,post_minutes,post_goals,post_assists,post_ga_p90,team_games_in_tenure,pct_team_games_played,from_league_ga_baseline,to_league_ga_baseline,pre_ga_p90_vs_league,post_ga_p90_vs_league,expected_post_ga_p90_vs_league,tenure_days,still_at_club,next_transfer_fee,has_resale_data,resale_weight,perf_level_pct,perf_delta_pct,value_growth_pct,playing_time_pct,value_for_money_pct,resale_profit_pct,success_score,fotmob_id,fotmob_name,fotmob_team,minutes_played,matches_played,fotmob_rating,fotmob_mins_played,fotmob_goals_per_90,fotmob_expected_goals_per_90,fotmob_expected_assists_per_90,fotmob_accurate_pass,fotmob_total_att_assist,fotmob_big_chance_created,fotmob_won_contest,fotmob_total_tackle,fotmob_interception,fotmob_effective_clearance,fotmob_defensive_contributions,fotmob_ball_recovery,fotmob_fouls,fotmob_clean_sheet,fotmob_saves,fotmob__save_percentage,fotmob_goals_conceded,norm_name,match_method,Index
541628,Oliver Sonne,2025-01-01,Silkeborg IF,Burnley,Defender,Right-Back,right,184.0,24.142368240930868,3000000.0,3000000.0,3000000,4000000.0,4000000.0,1.0,7.852631578947369,33250000.0,261100000.0,DK1,GB1,28.0,2369.0,5.0,4.0,0.3419164204305614,0.1899535669058674,84.60714285714286,13.0,702.0,2.0,0.0,0.2564102564102564,45.0,0.2888888888888888,0.1222037848290876,0.09624713860549,2.797920055493866,2.6640818638906594,1.65377192462156,604,True,,False,0.0987380022073498,93.75750300120048,89.015606242497,62.463453180561054,8.757408139075464,75.10865270644014,,65.0,1060617,Oliver Sonne,Burnley,165,7,,165.0,,,,,1.0,,,,,,,,,,,,,oliver sonne,exact_name,
725912,Antonín Kinský,2025-01-05,Slavia Praha,Tottenham,Goalkeeper,Goalkeeper,right,190.0,21.81793292265571,16500000.0,12000000.0,12000000,15000000.0,15000000.0,1.375,6.669706840390879,115125000.0,767850000.0,TS1,GB1,10.0,900.0,0.0,0.0,0.0,0.0,90.0,18.0,1577.0,0.0,0.0,0.0,81.0,0.2222222222222222,0.0030945816688234,0.0039623389120549,0.0,0.0,0.0697719229727917,600,True,,False,0.0991703305803484,40.8955223880597,37.46268656716418,59.128802844725406,8.998419596997234,15.05333860134334,,26.6,1341475,Antonín Kinsky,Tottenham Hotspur,630,7,,630.0,,,,,,,,,,,,,,2.0,,,,antonin kinsky,exact_name,
683895,Emmanuel Agbadou,2025-01-09,Stade Reims,Wolves,Defender,Centre-Back,right,185.0,27.564681724845997,20000000.0,10000000.0,10000000,18000000.0,20000000.0,2.0,4.963723776223776,57200000.0,283925000.0,FR1,GB1,31.0,2717.0,1.0,1.0,0.0662495399337504,0.0331247699668752,87.64516129032258,35.0,2875.0,1.0,2.0,0.0939130434782608,49.0,0.7142857142857143,0.0906137250941025,0.09624713860549,0.7311203668644033,0.9757489400615178,0.9577177116946112,393,False,18000000.0,True,0.1251059796596973,52.460984393757506,58.04321728691476,77.30541288028448,49.62267878308969,15.962070327933622,39.08857509627728,44.7,1114979,Emmanuel Agbadou,Wolverhampton Wanderers,1101,14,,1101.0,,,,,4.0,,,,,,,,,,,,,emmanuel agbadou,exact_name,
326029,Donyell Malen,2025-01-14,Dortmund,Aston Villa,Attack,Centre-Forward,right,178.0,25.987679671457904,25000000.0,28000000.0,28000000,45000000.0,45000000.0,0.8928571428571429,0.9602941861006375,537075000.0,515750000.0,L1,GB1,35.0,1858.0,14.0,3.0,0.8234660925726588,0.6781485468245425,53.08571428571429,46.0,1498.0,10.0,2.0,0.7209612817089454,83.0,0.5542168674698795,0.543236014295955,0.4791127195207551,1.515853277216695,1.5047842654440595,1.1353646512786613,533,False,25000000.0,True,0.1067750914931486,83.65508365508364,79.34362934362935,70.84946661398658,41.16949822204662,69.0833662583959,43.38896020539153,69.6,660301,Donyell Malen,Aston Villa,645,21,,645.0,0.56,0.57,0.05,10.2,7.0,,1.1,0.6,,0.3,2.2,1.4,0.3,,,,,donyell malen,exact_name,
763079,Abdukodir Khusanov,2025-01-20,Lens,Man City,Defender,Centre-Back,right,186.0,20.892539356605067,40000000.0,12000000.0,12000000,50000000.0,50000000.0,3.3333333333333335,5.531231585150265,254550000.0,1407975000.0,FR1,GB1,23.0,1650.0,0.0,0.0,0.0,0.0,71.73913043478261,46.0,3472.0,1.0,0.0,0.0259216589861751,88.0,0.5227272727272727,0.0906137250941025,0.09624713860549,0.0,0.269323944189407,0.7114919094011505,585,True,,False,0.1008128102496417,15.846338535414164,31.33253301320528,92.84670090873172,39.059660213354405,1.343342552350849,,34.9,1362998,Abdukodir Khusanov,Manchester City,1429,21,7.12,1429.0,,0.04,0.04,62.4,6.0,,0.4,1.7,2.1,3.5,7.9,4.7,0.9,,,,,abdukodir khusanov,exact_name,
445939,Omar Marmoush,2025-01-23,Frankfurt,Man City,Attack,Centre-Forward,right,183.0,25.960301163586585,75000000.0,60000000.0,60000000,50000000.0,75000000.0,1.25,3.3251266428141273,423435000.0,1407975000.0,L1,GB1,40.0,3290.0,25.0,17.0,1.1489361702127658,0.6838905775075989,82.25,60.0,3046.0,16.0,6.0,0.650032829940906,87.0,0.6896551724137931,0.543236014295955,0.4791127195207551,2.1149852733932057,1.3567430031728611,1.2710596943623893,582,True,,False,0.1011453727864168,75.93307593307593,59.2020592020592,51.218885815883056,56.10825760568945,47.076254444883446,,59.4,839204,Omar Marmoush,Manchester City,699,21,,699.0,0.39,0.35,0.1,18.2,12.0,3.0,1.3,1.7,0.3,0.3,5.0,2.6,1.3,,,,,omar marmoush,exact_name,
494237,Wilson Isidor,2025-02-01,Zenit S-Pb,Sunderland,Attack,Centre-Forward,right,184.0,24.432580424366872,6000000.0,4000000.0,4000000,18000000.0,18000000.0,1.5,2.199514366653177,185325000.0,407625000.0,RU1,GB1,12.0,258.0,2.0,0.0,0.6976744186046512,0.6976744186046512,21.5,36.0,1338.0,6.0,0.0,0.4035874439461883,42.0,0.8571428571428571,0.4613830912763297,0.4791127195207551,1.5121369460564016,0.8423642861118091,1.1345229540898487,573,True,,False,0.1021512943568549,36.35778635778636,27.413127413127413,93.755432635322,66.19913077834848,11.378901619913078,,42.9,887703,Wilson Isidor,Sunderland,1158,32,6.31,1158.0,0.47,0.37,0.03,6.3,,,0.5,0.9,0.1,1.2,4.0,1.8,1.1,,,,,wilson isidor,exact_name,
926952,Patrick Dorgu,2025-02-02,Lecce,Man Utd,Attack,Left Winger,left,185.0,20.27104722792608,30000000.0,20000000.0,20000000,35000000.0,35000000.0,1.5,5.186460321788928,146680000.0,760750000.0,IT1,GB1,36.0,2837.0,4.0,1.0,0.1586182587240042,0.1268946069792033,78.80555555555556,48.0,3102.0,4.0,5.0,0.2611218568665377,63.0,0.7619047619047619,0.4985622392500374,0.4791127195207551,0.3181513685485003,0.5450113224456483,0.8641018692283544,572,True,,False,0.1022638303589359,14.8005148005148,25.096525096525095,74.22362702489134,59.67601738443303,3.4966416436191228,,29.6,1526560,Patrick Dorgu,Manchester United,1445,26,7.16,1445.0,0.25,0.15,0.12,23.9,27.0,6.0,0.7,3.0,0.9,2.0,6.1,4.8,1.4,,,,,patrick dorgu,exact_name,
414908,Marshall Munetsi,2025-02-03,Stade Reims,Wolves,Midfield,Central Midfield,right,188.0,28.618754277891856,18000000.0,10000000.0,10000000,15000000.0,15000000.0,1.8,4.963723776223776,57200000.0,283925000.0,FR1,GB1,33.0,2918.0,6.0,2.0,0.2467443454420836,0.1850582590815627,88.42424242424242,31.0,2151.0,4.0,2.0,0.2510460251046025,60.0,0.5166666666666667,0.2109459846919036,0.2355486301266244,1.1697039211363287,1.0657927620706056,1.0905731236413252,571,True,,False,0.1023765205198996,58.12873258128732,55.40809555408096,67.75385223231925,31.390754642433823,21.374950612406163,,45.0,786580,Marshall Munetsi,Wolverhampton Wanderers,873,13,,873.0,,,,,3.0,1.0,,,,,,,,,,,,marshall munetsi,exact_name,
955357,Junior Kroupi,2025-02-03,FC Lorient,Bournemouth,Attack,Centre-Forward,right,179.0,18.61738535249829,13000000.0,10000000.0,10000000,70000000.0,70000000.0,1.3,3.3878224355128976,166700000.0,564750000.0,FR1,GB1,12.0,206.0,1.0,0.0,0.4368932038834951,0.4368932038834951,17.166666666666668,35.0,1839.0,13.0,0.0,0.636215334420881,57.0,0.6140350877192983,0.4766053917119471,0.4791127195207551,0.9166770067669452,1.3279032438489042,0.9996595806893868,571,True,,False,0.1023765205198996,73.93822393822393,76.8983268983269,97.02884235480047,40.42473330699329,43.30304227578032,,68.0,1460534,Junior Kroupi,Bournemouth,1683,33,6.93,1683.0,0.7,0.45,0.08,19.0,22.0,3.0,0.8,0.5,0.5,1.8,6.0,3.3,1.4,,,,,junior kroupi,exact_name,
466805,Nico González,2025-02-03,Porto,Man City,Midfield,Defensive Midfield,right,188.0,23.085557837097877,60000000.0,18000000.0,18000000,40000000.0,45000000.0,3.3333333333333335,3.2335649078486535,435425000.0,1407975000.0,PO1,GB1,43.0,3509.0,9.0,7.0,0.4103733257338273,0.2308349957252778,81.6046511627907,58.0,3534.0,4.0,0.0,0.1018675721561969,84.0,0.6904761904761905,0.2011992536821767,0.2355486301266244,2.0396364212268465,0.4324693890235564,1.4767163298777142,571,True,,False,0.1023765205198996,21.69873921698739,3.5832780358327807,83.13117344922955,55.64401422362702,2.2718293164757015,,30.1,1280132,Nico González,Manchester City,1567,25,7.13,1567.0,0.06,0.04,0.06,68.3,11.0,1.0,0.7,2.4,1.4,2.5,11.8,5.2,1.7,,,,,nico gonzalez,exact_name,
610849,Liam Delap,2025-06-04,Ipswich,Chelsea,Attack,Centre-Forward,right,186.0,22.31895961670089,35500000.0,40000000.0,40000000,28000000.0,35000000.0,0.8875,8.626347951114306,139100000.0,1199925000.0,GB1,GB1,40.0,2669.0,12.0,2.0,0.4720869239415511,0.4046459348070438,66.725,46.0,1900.0,3.0,5.0,0.3789473684210526,65.0,0.7076923076923077,0.4791127195207551,0.4791127195207551,0.9853358191236674,0.7909357296965619,1.0152098443379305,450,True,,False,0.1172164974372855,31.53153153153153,32.496782496782494,27.78546029237456,53.668510470169885,22.67878308968787,,30.9,1113903,Liam Delap,Chelsea,1102,28,6.3,1102.0,0.08,0.36,0.02,10.8,3.0,,0.8,0.4,0.1,0.9,3.4,2.0,2.0,,,,,liam delap,exact_name,
578391,Rayan Aït-Nouri,2025-06-09,Wolves,Man City,Defender,Left-Back,left,180.0,24.008213552361397,36800000.0,35000000.0,35000000,40000000.0,40000000.0,1.0514285714285714,4.958968037333803,283925000.0,1407975000.0,GB1,GB1,41.0,3407.0,5.0,7.0,0.3169944232462577,0.1320810096859407,83.09756097560975,31.0,1890.0,0.0,6.0,0.2857142857142857,63.0,0.492063492063492,0.09624713860549,0.09624713860549,3.293546466306855,2.96854836262102,1.8206883670722596,445,True,,False,0.1178841905457681,95.85834333733494,90.99639855942378,53.52232319241406,29.749111023310945,74.12090082971157,,66.3,933845,Rayan Aït-Nouri,Manchester City,976,17,,976.0,,,,,12.0,2.0,,,,,,,,,,,,rayan ait nouri,exact_name,
607223,Rayan Cherki,2025-06-10,Lyon,Man City,Midfield,Attacking Midfield,both,177.0,21.815195071868583,36500000.0,45000000.0,45000000,90000000.0,90000000.0,0.8111111111111111,5.644883231432294,249425000.0,1407975000.0,FR1,GB1,42.0,2963.0,12.0,19.0,0.9416132298346273,0.3644954438069524,70.54761904761905,55.0,2929.0,11.0,16.0,0.8296346876066917,63.0,0.873015873015873,0.2109459846919036,0.2355486301266244,4.463764651457561,3.522137603435448,2.552731592041196,444,True,,False,0.1180182784570686,98.80557398805574,91.43994691439948,78.26155669695771,74.9170288423548,84.74911102331095,,86.5,1104053,Rayan Cherki,Manchester City,1786,33,7.35,1786.0,0.2,0.21,0.44,55.6,60.0,19.0,2.6,1.3,0.4,0.4,6.7,4.6,0.9,,,,,rayan cherki,exact_name,
460939,Tijjani Reijnders,2025-06-10,AC Milan,Man City,Midfield,Central Midfield,right,178.0,26.86652977412731,54900000.0,50000000.0,50000000,50000000.0,70000000.0,1.098,2.892188077728935,486820000.0,1407975000.0,IT1,GB1,54.0,4591.0,15.0,5.0,0.3920714441298192,0.2940535830973644,85.01851851851852,50.0,3081.0,7.0,8.0,0.4381694255111977,63.0,0.7936507936507936,0.2225486393745403,0.2355486301266244,1.7617337281041692,1.860207912377372,1.3533616593337905,444,True,,False,0.1180182784570686,83.47710683477106,80.49104180491041,58.92335045436586,64.22362702489134,60.43065981825365,,68.8,868344,Tijjani Reijnders,Manchester City,1636,28,6.95,1636.0,0.28,0.26,0.13,39.1,17.0,4.0,1.1,0.6,0.6,1.1,5.4,3.2,1.0,,,,,tijjani reijnders,exact_name,
314288,Lukas Nmecha,2025-07-01,Wolfsburg,Leeds,Attack,Centre-Forward,right,185.0,26.546201232032853,0.0,3000000.0,3000000,10000000.0,10000000.0,0.0,2.1526082875150867,186425000.0,401300000.0,L1,GB1,20.0,471.0,3.0,0.0,0.5732484076433121,0.5732484076433121,23.55,37.0,1464.0,7.0,3.0,0.6147540983606558,44.0,0.8409090909090909,0.543236014295955,0.4791127195207551,1.0552474294000072,1.2831095341730427,1.0310438492467684,423,True,,False,0.1208769451733889,70.97812097812097,72.07207207207207,89.53575661793758,64.76293954958516,91.12998814697748,,79.2,861197,Lukas Nmecha,Leeds United,1073,31,6.42,1073.0,0.5,0.61,0.13,11.9,11.0,2.0,0.6,1.0,0.3,0.9,4.9,2.6,1.5,,,,,lukas nmecha,exact_name,
338629,Sebastiaan Bornauw,2025-07-01,Wolfsburg,Leeds,Defender,Centre-Back,right,191.0,26.27789185489391,6000000.0,6000000.0,6000000,8000000.0,8000000.0,1.0,2.1526082875150867,186425000.0,401300000.0,L1,GB1,16.0,874.0,2.0,0.0,0.205949656750572,0.205949656750572,54.625,17.0,771.0,0.0,0.0,0.0,44.0,0.3863636363636363,0.1242136398981505,0.09624713860549,1.6580277087076851,0.0,1.269880406431016,423,True,,False,0.1208769451733889,6.602641056422569,2.701080432172869,62.463453180561054,15.772421967601735,6.4598972738048195,,21.7,922892,Sebastiaan Bornauw,Leeds United,432,12,,432.0,,,,,,,,,,,,,,,,,,sebastiaan bornauw,exact_name,
340918,Caoimhín Kelleher,2025-07-01,Liverpool,Brentford,Goalkeeper,Goalkeeper,right,188.0,26.60369609856263,14800000.0,20000000.0,20000000,28000000.0,28000000.0,0.74,0.4903065492299365,1016150000.0,498225000.0,GB1,GB1,16.0,1440.0,0.0,0.0,0.0,0.0,90.0,38.0,3450.0,0.0,0.0,0.0,45.0,0.8444444444444444,0.0039623389120549,0.0039623389120549,0.0,0.0,0.0697719229727917,423,True,,False,0.1208769451733889,40.8955223880597,37.46268656716418,64.6681153694192,65.82971157645198,35.401027261951796,,53.6,776689,Caoimhín Kelleher,Brentford,3330,37,6.93,3330.0,,,0.01,22.8,2.0,,0.1,0.0,0.0,1.3,1.3,8.1,0.1,10.0,3.0,69.2,1.3,caoimhin kelleher,exact_name,
371851,Jaka Bijol,2025-07-01,Udinese,Leeds,Defender,Centre-Back,right,190.0,26.401095140314855,18000000.0,18000000.0,18000000,20000000.0,20000000.0,1.0,1.886207139667693,212755000.0,401300000.0,IT1,GB1,37.0,3189.0,2.0,2.0,0.1128880526810912,0.0564440263405456,86.1891891891892,31.0,2448.0,1.0,3.0,0.1470588235294117,44.0,0.7045454545454546,0.0979603049171636,0.09624713860549,1.1523856808791142,1.5279293042902309,1.0995909170144629,423,True,,False,0.1208769451733889,75.27010804321729,75.09003601440575,51.7186882655077,45.99960489924931,57.6451995258791,,58.3,861805,Jaka Bijol,Leeds United,1893,25,7.04,1893.0,0.05,0.04,0.04,40.7,7.0,3.0,0.1,1.2,1.1,7.6,10.6,3.0,0.9,,,,,jaka bijol,exact_name,
342046,Axel Tuanzebe,2025-07-01,Ipswich,Burnley,Defender,Centre-Back,right,188.0,27.627652292950035,0.0,5000000.0,5000000,5000000.0,5000000.0,0.0,1.8770668583752697,139100000.0,261100000.0,GB1,GB1,23.0,1763.0,0.0,1.0,0.0510493477027793,0.0,76.65217391304348,16.0,1337.0,1.0,0.0,0.0673148840688107,42.0,0.3809523809523809,0.09624713860549,0.09624713860549,0.5303986013758488,0.699396211088722,0.8901188866787771,423,True,,False,0.1208769451733889,36.79471788715486,47.1188475390156,43.6448044251284,14.812327143421571,67.46345318056103,,46.7,690149,Axel Tuanzebe,Burnley,1202,14,,1202.0,,,,,,,,,,,,,,,,,,axel tuanzebe,exact_name,
263236,Kevin Danso,2025-07-01,Lens,Tottenham,Defender,Centre-Back,right,190.0,26.781656399726216,25000000.0,25000000.0,25000000,20000000.0,22000000.0,1.0,3.016499705362404,254550000.0,767850000.0,FR1,GB1,13.0,1170.0,0.0,0.0,0.0,0.0,90.0,36.0,2328.0,0.0,0.0,0.0,52.0,0.6923076923076923,0.0906137250941025,0.09624713860549,0.0,0.0,0.7114919094011505,423,True,,False,0.1208769451733889,6.602641056422569,17.97719087635054,31.03318846305808,47.95140260766496,6.4598972738048195,,20.3,754126,Kevin Danso,Tottenham Hotspur,1491,24,6.9,1491.0,,0.04,0.02,50.0,3.0,1.0,0.1,1.6,1.5,8.1,12.0,2.7,1.3,,,,,kevin danso,exact_name,
730861,Milos Kerkez,2025-07-01,Bournemouth,Liverpool,Defender,Left-Back,left,180.0,21.648186173853524,46900000.0,45000000.0,45000000,35000000.0,40000000.0,1.0422222222222222,1.7992917220008853,564750000.0,1016150000.0,GB1,GB1,41.0,3565.0,2.0,6.0,0.2019635343618513,0.0504908835904628,86.95121951219512,48.0,3218.0,2.0,2.0,0.1118707271597265,57.0,0.8421052631578947,0.09624713860549,0.09624713860549,2.0983848173365978,1.1623278237733017,1.4181833224512617,423,True,,False,0.1208769451733889,61.04441776710684,42.61704681872749,30.725009877518765,69.17621493480837,40.45831687080205,,46.0,1195281,Milos Kerkez,Liverpool,2260,34,6.89,2260.0,0.08,0.06,0.03,36.4,26.0,3.0,0.5,1.6,0.6,2.8,5.3,3.5,0.9,,,,,milos kerkez,exact_name,
654539,Adrien Truffert,2025-07-01,Stade Rennais,Bournemouth,Defender,Left-Back,left,176.0,23.61122518822724,13500000.0,15000000.0,15000000,30000000.0,30000000.0,0.9,1.5575013789299503,362600000.0,564750000.0,FR1,GB1,33.0,2756.0,2.0,2.0,0.1306240928882438,0.0653120464441219,83.51515151515152,39.0,3417.0,1.0,5.0,0.1580333625987708,40.0,0.975,0.0906137250941025,0.09624713860549,1.4415486478741537,1.641953879237263,1.1969748592061815,423,True,,False,0.1208769451733889,78.031212484994,75.51020408163265,78.26155669695771,76.61201106282101,64.4606874753062,,72.8,1177358,Adrien Truffert,Bournemouth,3380,38,7.18,3380.0,0.03,0.04,0.08,34.7,32.0,4.0,0.9,2.7,1.3,3.8,8.1,5.0,1.0,,,,,adrien truffert,exact_name,
633992,Enzo Le Fée,2025-07-01,Roma,Sunderland,Midfield,Central Midfield,right,173.0,25.4072553045859,23750000.0,18000000.0,18000000,28000000.0,28000000.0,1.3194444444444444,0.80866744698157,504070000.0,407625000.0,IT1,GB1,10.0,460.0,0.0,0.0,0.0,0.0,46.0,40.0,3326.0,6.0,6.0,0.3247143716175587,42.0,0.9523809523809524,0.2225486393745403,0.2355486301266244,0.0,1.378544937591024,0.5713682170447084,423,True,,False,0.1208769451733889,70.1393497013935,88.32116788321169,69.42710391149743,76.1615962070328,39.62860529435006,,63.7,1049999,Enzo Le Fée,Sunderland,2934,36,7.14,2934.0,0.15,0.16,0.18,27.8,53.0,13.0,0.4,2.7,0.9,1.1,9.8,4.7,1.0,,,,,enzo le fee,exact_name,
1064471,Fer López,2025-07-01,Celta de Vigo,Wolves,Midfield,Attacking Midfield,left,188.0,21.10335386721424,23000000.0,5000000.0,5000000,16000000.0,18000000.0,4.6,1.3307944691820952,213350000.0,283925000.0,ES1,GB1,17.0,670.0,2.0,0.0,0.2686567164179104,0.2686567164179104,39.411764705882355,12.0,364.0,0.0,1.0,0.2472527472527472,44.0,0.2727272727272727,0.2020189003735634,0.2355486301266244,1.3298593147528457,1.0496887505558026,1.1616624520440435,423,True,,False,0.1208769451733889,57.26609157266091,49.36960849369608,90.15408929276964,7.382457526669301,14.974318451205058,,43.4,1573122,Fer López,Wolverhampton Wanderers,229,9,,229.0,,,,,3.0,1.0,,,,,,,,,,,,fer lopez,exact_name,
1060087,Charalampos Kostoulas,2025-07-01,Olympiacos,Brighton,Attack,Centre-Forward,right,185.0,18.088980150581794,35000000.0,12000000.0,12000000,25000000.0,25000000.0,2.9166666666666665,3.198776758409786,179850000.0,575300000.0,GR1,GB1,34.0,1866.0,6.0,2.0,0.3858520900321543,0.2893890675241157,54.88235294117647,26.0,532.0,2.0,1.0,0.5075187969924811,43.0,0.6046511627906976,0.3904730651652015,0.4791127195207551,0.9881657006710766,1.0592889237007523,1.0158507730497135,423,True,,False,0.1208769451733889,53.861003861003866,55.92020592020592,79.96048992493085,34.17226392730146,14.480442512840774,,47.5,1561249,Charalampos Kostoulas,Brighton and Hove Albion,353,21,,353.0,0.51,0.54,0.14,24.2,10.0,3.0,2.8,2.8,0.3,1.0,10.5,6.4,1.8,,,,,charalampos kostoulas,exact_name,
876631,Habib Diarra,2025-07-01,R. Strasbourg,Sunderland,Midfield,Central Midfield,right,178.0,21.49212867898699,31500000.0,20000000.0,20000000,35000000.0,35000000.0,1.575,0.97804570811589,416775000.0,407625000.0,FR1,GB1,30.0,2357.0,4.0,5.0,0.34365719134493,0.1527365294866355,78.56666666666666,22.0,1563.0,3.0,3.0,0.345489443378119,42.0,0.5238095238095238,0.2109459846919036,0.2355486301266244,1.6291241184176,1.4667435900280694,1.294499276497421,423,True,,False,0.1208769451733889,73.65627073656272,68.21499668214996,74.22362702489134,26.40260766495457,35.57882259976294,,55.4,1285866,Habib Diarra,Sunderland,1407,20,6.65,1407.0,0.13,0.22,0.05,22.8,7.0,1.0,0.4,0.9,0.3,0.8,5.1,3.1,1.3,,,,,habib diarra,exact_name,
801734,Mathys Tel,2025-07-01,Bayern Munich,Tottenham,Attack,Centre-Forward,right,183.0,20.177960301163587,35000000.0,35000000.0,35000000,22000000.0,30000000.0,1.0,0.7589512960537695,1011725000.0,767850000.0,L1,GB1,14.0,458.0,0.0,1.0,0.1965065502183406,0.0,32.714285714285715,38.0,1688.0,4.0,2.0,0.3199052132701421,52.0,0.7307692307692307,0.543236014295955,0.4791127195207551,0.3617332891174697,0.6677034447971567,0.8739725665488421,423,True,,False,0.1208769451733889,21.879021879021877,34.16988416988417,25.0967996839194,52.83287238245753,12.979059660213355,,25.2,1288111,Mathys Tel,Tottenham Hotspur,1342,31,6.65,1342.0,0.27,0.16,0.16,18.6,30.0,5.0,2.6,1.3,0.4,0.8,7.4,4.8,1.3,,,,,mathys tel,exact_name,
484547,Jeremie Frimpong,2025-07-01,Leverkusen,Liverpool,Defender,Right-Back,right,172.0,24.555783709787818,40000000.0,50000000.0,50000000,35000000.0,45000000.0,0.8,2.2361471766207472,454420000.0,1016150000.0,L1,GB1,48.0,3457.0,5.0,12.0,0.4425802719120624,0.1301706682094301,72.02083333333333,35.0,1794.0,2.0,2.0,0.2006688963210702,57.0,0.6140350877192983,0.1242136398981505,0.09624713860549,3.5630569418540334,2.084933632610081,1.9114537677855508,423,True,,False,0.1208769451733889,86.67466986794717,65.6062424969988,29.51007506914263,40.42473330699329,77.57803239826156,,60.0,966018,Jeremie Frimpong,Liverpool,1039,21,,1039.0,,0.04,0.14,32.3,15.0,5.0,1.6,1.0,0.5,1.1,2.6,4.5,0.7,,,,,jeremie frimpong,exact_name,
517894,Matheus Cunha,2025-07-01,Wolves,Man Utd,Attack,Centre-Forward,right,183.0,26.09719370294319,74200000.0,60000000.0,60000000,75000000.0,75000000.0,1.2366666666666666,2.679404772387074,283925000.0,760750000.0,GB1,GB1,35.0,2813.0,17.0,6.0,0.7358691788126556,0.5439033060789193,80.37142857142857,35.0,2683.0,10.0,4.0,0.4696235557212075,40.0,0.875,0.4791127195207551,0.4791127195207551,1.535899901694799,0.9801942978908192,1.1399049322010613,423,True,,False,0.1208769451733889,46.975546975546976,37.83783783783784,59.128802844725406,67.5444488344528,22.145397076254444,,43.8,863098,Matheus Cunha,Manchester United,2503,33,7.29,2503.0,0.36,0.25,0.12,25.5,34.0,4.0,1.6,1.4,0.8,0.8,7.6,4.6,1.0,,,,,matheus cunha,exact_name,
598577,Florian Wirtz,2025-07-01,Leverkusen,Liverpool,Midfield,Attacking Midfield,right,177.0,22.16290212183436,125000000.0,140000000.0,140000000,100000000.0,130000000.0,0.8928571428571429,2.2361471766207472,454420000.0,1016150000.0,L1,GB1,45.0,3392.0,16.0,15.0,0.8225235849056604,0.4245283018867924,75.37777777777778,49.0,3504.0,7.0,10.0,0.4366438356164383,57.0,0.8596491228070176,0.2678347608424593,0.2355486301266244,3.071011329218277,1.8537311610842768,1.93452014081952,423,True,,False,0.1208769451733889,83.21167883211679,51.16124751161247,31.193204267088102,71.59620703279336,68.68826550770446,,63.3,1152455,Florian Wirtz,Liverpool,2388,33,7.16,2388.0,0.19,0.26,0.19,45.3,60.0,5.0,1.5,1.3,0.4,0.5,6.6,4.3,0.8,,,,,florian wirtz,exact_name,
514285,Quilindschy Hartman,2025-07-01,Feyenoord,Burnley,Defender,Left-Back,left,183.0,23.627652292950035,10000000.0,14000000.0,14000000,16000000.0,18000000.0,0.7142857142857143,1.0633272245978416,245550000.0,261100000.0,NL1,GB1,12.0,644.0,0.0,1.0,0.139751552795031,0.0,53.666666666666664,23.0,2010.0,0.0,5.0,0.2238805970149253,42.0,0.5476190476190477,0.1132639743398324,0.09624713860549,1.233857045981155,2.326101328919456,1.127028741407493,423,True,,False,0.1208769451733889,90.33613445378153,91.5966386554622,58.77321216910312,28.50256815487949,82.18095614381667,,69.5,1393669,Quilindschy Hartman,Burnley,1830,21,6.77,1830.0,,0.02,0.1,27.4,20.0,6.0,0.2,2.6,1.5,3.2,7.5,3.4,0.6,,,,,quilindschy hartman,exact_name,
318508,Olivier Boscagli,2025-07-02,PSV,Brighton,Defender,Centre-Back,left,181.0,27.61943874058864,0.0,20000000.0,20000000,15000000.0,18000000.0,0.0,1.7639123102866778,326150000.0,575300000.0,NL1,GB1,43.0,3607.0,1.0,6.0,0.1746603825894094,0.0249514832270584,83.88372093023256,17.0,1178.0,1.0,1.0,0.1528013582342954,43.0,0.3953488372093023,0.1132639743398324,0.09624713860549,1.542064752781549,1.5875937762743997,1.2308265472399622,422,True,,False,0.1210151327479222,76.89075630252101,72.50900360144058,30.861319636507304,16.104306598182536,93.3227973133149,,61.0,613715,Olivier Boscagli,Brighton and Hove Albion,800,12,,800.0,,,,,4.0,,,,,,,,,,,,,olivier boscagli,exact_name,
607226,Loum Tchaouna,2025-07-02,Lazio,Burnley,Attack,Right Winger,left,180.0,21.815195071868583,13000000.0,10000000.0,10000000,13000000.0,15000000.0,1.3,0.8976364417705199,290875000.0,261100000.0,IT1,GB1,37.0,1364.0,2.0,1.0,0.1979472140762463,0.1319648093841642,36.86486486486486,32.0,1488.0,3.0,1.0,0.2419354838709677,42.0,0.7619047619047619,0.4985622392500374,0.4791127195207551,0.397036114034646,0.5049656876422942,0.8819681641445049,422,True,,False,0.1210151327479222,12.612612612612612,20.592020592020592,65.88107467404188,52.44172263927301,4.405373370209404,,26.1,1283034,Loum Tchaouna,Burnley,1270,29,6.34,1270.0,0.14,0.09,0.07,18.2,13.0,1.0,0.5,1.3,0.1,0.7,4.9,2.7,0.9,,,,,loum tchaouna,exact_name,
626724,João Pedro,2025-07-02,Brighton,Chelsea,Attack,Centre-Forward,right,186.0,23.76454483230664,63700000.0,50000000.0,50000000,80000000.0,80000000.0,1.274,2.0857378758908394,575300000.0,1199925000.0,GB1,GB1,30.0,2136.0,10.0,7.0,0.7162921348314607,0.4213483146067416,71.2,52.0,3771.0,23.0,9.0,0.7637231503579953,61.0,0.8524590163934426,0.4791127195207551,0.4791127195207551,1.4950388617274666,1.5940364745939726,1.130650476398004,422,True,,False,0.1210151327479222,87.12998712998713,83.91248391248392,70.41683129197946,71.7838798893718,57.56617937574081,,74.5,1021382,João Pedro,Chelsea,2674,35,7.18,2674.0,0.5,0.5,0.07,17.6,29.0,6.0,1.3,0.9,0.2,0.9,4.6,2.4,1.3,,,,,joao pedro,exact_name,
727089,Noah Sadiki,2025-07-04,Union SG,Sunderland,Midfield,Central Midfield,right,165.0,20.54483230663929,17000000.0,12000000.0,12000000,35000000.0,35000000.0,1.4166666666666667,2.44746322425698,166550000.0,407625000.0,BE1,GB1,42.0,3531.0,1.0,3.0,0.1019541206457094,0.0254885301614273,84.07142857142857,35.0,3042.0,0.0,1.0,0.029585798816568,42.0,0.8333333333333334,0.2515480818773713,0.2355486301266244,0.4053066908115469,0.1256037821177883,0.751274617923796,420,True,,False,0.1212920760503544,8.22826808228268,14.731254147312542,87.0367443698143,62.6728565784275,2.429869616752272,,29.8,1359649,Noah Sadiki,Sunderland,2894,33,6.81,2894.0,,0.05,0.04,29.4,19.0,,0.8,1.4,1.1,1.4,7.7,3.5,1.0,,,,,noah sadiki,exact_name,
95424,Kyle Walker,2025-07-05,Man City,Burnley,Defender,Right-Back,right,183.0,35.1047227926078,5000000.0,4000000.0,4000000,1500000.0,3000000.0,1.25,0.185443633587244,1407975000.0,261100000.0,GB1,GB1,17.0,1069.0,0.0,0.0,0.0,0.0,62.88235294117647,36.0,3097.0,0.0,2.0,0.0581207620277688,42.0,0.8571428571428571,0.09624713860549,0.09624713860549,0.0,0.6038700253313667,0.7114919094011505,419,True,,False,0.1214308322972331,31.45258103241296,51.80072028811525,10.480047412090084,66.19913077834848,12.129593046226788,,26.5,159833,Kyle Walker,Burnley,3097,36,6.67,3097.0,,0.0,0.04,32.4,13.0,3.0,0.4,1.6,1.3,3.0,6.2,4.5,0.9,,,,,kyle walker,exact_name,
670882,Jamie Gittens,2025-07-05,Dortmund,Chelsea,Attack,Left Winger,right,178.0,20.90622861054073,56000000.0,50000000.0,50000000,30000000.0,45000000.0,1.12,2.2341851696690407,537075000.0,1199925000.0,L1,GB1,49.0,2803.0,12.0,5.0,0.5458437388512308,0.3853014627185158,57.204081632653065,27.0,1102.0,1.0,5.0,0.4900181488203267,60.0,0.45,0.543236014295955,0.4791127195207551,1.0048003528607274,1.0227617194352092,1.019618289823918,419,True,,False,0.1214308322972331,50.57915057915058,52.316602316602314,26.59028052153299,24.758988542078228,27.538522323192417,,37.9,1113692,Jamie Gittens,Chelsea,490,16,,490.0,,,,,9.0,2.0,,,,,,,,,,,,jamie gittens,exact_name,
429915,Maxim De Cuyper,2025-07-05,Club Brugge,Brighton,Defender,Left-Back,left,182.0,24.53388090349076,20000000.0,16000000.0,16000000,22000000.0,22000000.0,1.25,2.0068021278451207,286675000.0,575300000.0,BE1,GB1,39.0,3292.0,3.0,5.0,0.2187120291616038,0.0820170109356014,84.41025641025641,31.0,1481.0,2.0,3.0,0.3038487508440243,43.0,0.7209302325581395,0.098805821763407,0.09624713860549,2.2135540726063203,3.1569639913086474,1.456969880128415,419,True,,False,0.1214308322972331,96.45858343337336,96.0984393757503,63.91742394310549,47.765705254839986,66.29790596602133,,69.5,1134871,Maxim De Cuyper,Brighton and Hove Albion,1414,30,6.75,1414.0,0.13,0.12,0.26,37.1,32.0,9.0,0.4,1.5,0.8,1.8,4.1,4.3,1.1,,,,,maxim de cuyper,exact_name,
423440,Martín Zubimendi,2025-07-06,Real Sociedad,Arsenal,Midfield,Defensive Midfield,right,181.0,26.42299794661191,70000000.0,60000000.0,60000000,75000000.0,80000000.0,1.1666666666666667,4.70216365417149,280775000.0,1320250000.0,ES1,GB1,48.0,3955.0,2.0,2.0,0.09102402022756,0.04551201011378,82.39583333333333,56.0,4269.0,6.0,3.0,0.1897399859451862,62.0,0.9032258064516128,0.2020189003735634,0.2355486301266244,0.4505718032285242,0.805523623054769,0.7713667694844326,418,True,,False,0.1215697786211326,44.92368944923689,59.787657597876574,61.55867246147768,77.88818648755432,22.639273014618727,,47.5,1031325,Martín Zubimendi,Arsenal,3001,38,7.2,3001.0,0.15,0.09,0.07,50.5,19.0,1.0,0.2,2.0,1.2,2.3,9.2,3.5,1.0,,,,,martin zubimendi,exact_name,
362108,Gabriel Gudmundsson,2025-07-08,Lille,Leeds,Defender,Left-Back,left,181.0,26.193018480492817,11600000.0,7000000.0,7000000,20000000.0,20000000.0,1.6571428571428573,1.3483410331793364,297625000.0,401300000.0,FR1,GB1,43.0,2648.0,2.0,1.0,0.1019637462235649,0.0679758308157099,61.58139534883721,35.0,2936.0,1.0,1.0,0.0613079019073569,44.0,0.7954545454545454,0.0906137250941025,0.09624713860549,1.1252571960558444,0.636984151379851,1.09045461984186,416,True,,False,0.1218482425418685,33.193277310924366,30.732292917166863,86.85104701698933,58.423548004741214,8.850256815487949,,41.8,744494,Gabriel Gudmundsson,Leeds United,2637,32,6.78,2637.0,,0.04,0.09,24.9,21.0,4.0,1.3,2.2,0.9,2.8,6.2,3.8,1.1,,,,,gabriel gudmundsson,exact_name,
240692,Reinildo Mandava,2025-07-08,Atlético,Sunderland,Defender,Left-Back,left,180.0,31.460643394934976,0.0,5000000.0,5000000,4000000.0,5000000.0,0.0,0.7858588779641411,518700000.0,407625000.0,ES1,GB1,30.0,1523.0,0.0,0.0,0.0,0.0,50.766666666666666,25.0,1969.0,0.0,2.0,0.0914169629253428,42.0,0.5952380952380952,0.0909966967446702,0.09624713860549,0.0,0.9498148646273452,0.7114919094011505,416,True,,False,0.1218482425418685,50.960384153661465,68.42737094837935,38.91544843935203,32.85460292374555,80.22520742789412,,56.8,600524,Reinildo,Sunderland,1969,25,6.84,1969.0,,0.01,0.03,32.0,6.0,,0.7,1.8,1.4,3.7,7.5,4.1,1.5,,,,,reinildo,fuzzy_name+club,165.0
743384,Chemsdine Talbi,2025-07-09,Club Brugge,Sunderland,Attack,Right Winger,right,175.0,20.16700889801506,20000000.0,8000000.0,8000000,25000000.0,25000000.0,2.5,1.421906339931979,286675000.0,407625000.0,BE1,GB1,33.0,1516.0,7.0,5.0,0.712401055408971,0.4155672823218997,45.93939393939394,30.0,1713.0,4.0,2.0,0.3152364273204904,42.0,0.7142857142857143,0.4819920768254938,0.4791127195207551,1.47803478451555,0.6579587944060716,1.126799290007367,415,True,,False,0.1219877606605343,21.299871299871302,14.607464607464609,88.50651916238641,46.54089292769656,2.6076649545634134,,31.2,1368654,Chemsdine Talbi,Sunderland,1561,28,6.55,1561.0,0.23,0.12,0.07,18.9,12.0,,0.9,0.6,0.1,1.0,5.3,3.5,0.3,,,,,chemsdine talbi,exact_name,
937941,Thierno Barry,2025-07-09,Villarreal,Everton,Attack,Centre-Forward,right,195.0,22.715947980835043,30000000.0,20000000.0,20000000,30000000.0,30000000.0,1.5,1.204143933489218,384900000.0,463475000.0,ES1,GB1,37.0,2441.0,11.0,4.0,0.5530520278574356,0.4055714870954526,65.97297297297297,41.0,2066.0,8.0,0.0,0.3484995159728944,41.0,1.0,0.4599952362514491,0.4791127195207551,1.2022994680647483,0.727385230601872,1.064349085571158,415,True,,False,0.1219877606605343,26.254826254826252,24.002574002574004,67.75385223231925,78.07585934413275,7.151323587514816,,34.3,1398392,Thierno Barry,Everton,1915,38,6.44,1915.0,0.38,0.38,0.02,10.3,12.0,2.0,0.4,0.3,0.2,1.2,3.5,1.6,2.2,,,,,thierno barry,exact_name,
658536,Simon Adingra,2025-07-10,Brighton,Sunderland,Attack,Left Winger,right,175.0,23.520876112251884,24400000.0,28000000.0,28000000,22000000.0,25000000.0,0.8714285714285714,0.7085433686772119,575300000.0,407625000.0,GB1,GB1,31.0,1231.0,3.0,2.0,0.3655564581640942,0.2193338748984565,39.70967741935484,15.0,729.0,1.0,1.0,0.2469135802469135,42.0,0.3571428571428571,0.4791127195207551,0.4791127195207551,0.7629863355115086,0.5153559281287611,0.964850786649568,414,True,,False,0.1221274698998808,13.191763191763192,16.28056628056628,31.22876333465033,13.105491900434613,11.932042670881076,,16.9,1227012,Simon Adingra,Sunderland,658,14,,658.0,,,,,7.0,2.0,,,,,,,,,,,,simon adingra,exact_name,
543499,Mohammed Kudus,2025-07-10,West Ham,Tottenham,Attack,Right Winger,left,177.0,24.93634496919918,63800000.0,45000000.0,45000000,50000000.0,55000000.0,1.4177777777777778,1.6074737007379494,477675000.0,767850000.0,GB1,GB1,34.0,2709.0,5.0,4.0,0.2990033222591362,0.1661129568106312,79.67647058823529,26.0,1921.0,3.0,6.0,0.4216553878188444,52.0,0.5,0.4791127195207551,0.4791127195207551,0.6240771953585829,0.8800755451464868,0.9333898032968752,414,True,,False,0.1221274698998808,39.31788931788932,47.61904761904761,56.03318846305808,27.32121691031213,13.82852627419992,,36.3,891743,Mohammed Kudus,Tottenham Hotspur,1545,19,6.99,1545.0,0.12,0.11,0.14,22.1,23.0,3.0,3.0,1.7,0.2,0.3,7.7,5.5,1.3,,,,,mohammed kudus,exact_name,
148367,Christian Nørgaard,2025-07-10,Brentford,Arsenal,Midfield,Defensive Midfield,right,187.0,31.3347022587269,11600000.0,11000000.0,11000000,5000000.0,9000000.0,1.0545454545454545,2.6499071704551156,498225000.0,1320250000.0,GB1,GB1,34.0,2830.0,5.0,4.0,0.2862190812720848,0.1590106007067137,83.23529411764706,20.0,1040.0,0.0,3.0,0.2596153846153846,62.0,0.3225806451612903,0.2355486301266244,0.2355486301266244,1.2151167303253745,1.1021731880835928,1.11073083443226,414,True,,False,0.1221274698998808,60.11944260119443,56.8679495686795,17.03081785855393,14.247333069932832,39.490320031608064,,39.0,266520,Christian Nørgaard,Arsenal,101,7,,101.0,,,,,,,,,,,,,,,,,,christian nrgaard,exact_name,
293281,Jacob Bruun Larsen,2025-07-11,Stuttgart,Burnley,Attack,Left Winger,right,183.0,26.809034907597535,4000000.0,5000000.0,5000000,4000000.0,5000000.0,0.8,0.6050634378077747,431525000.0,261100000.0,L1,GB1,16.0,477.0,1.0,1.0,0.3773584905660377,0.1886792452830188,29.8125,30.0,1167.0,0.0,3.0,0.2313624678663239,42.0,0.7142857142857143,0.543236014295955,0.4791127195207551,0.694649251219292,0.4828977784137106,0.949373389921591,413,True,,False,0.122267370521717,11.51866151866152,14.929214929214927,38.91544843935203,46.54089292769656,13.05807981035164,,21.2,655575,Jacob Bruun Larsen,Burnley,1023,28,6.3,1023.0,,0.12,0.1,20.9,12.0,2.0,0.9,1.1,0.5,1.1,5.5,2.7,0.1,,,,,jacob bruun larsen,exact_name,
583189,Anthony Elanga,2025-07-11,Nott'm Forest,Newcastle,Attack,Right Winger,right,178.0,23.20602327173169,61400000.0,42000000.0,42000000,32000000.0,55000000.0,1.4619047619047618,1.2870975005629364,555125000.0,714500000.0,GB1,GB1,43.0,2752.0,6.0,12.0,0.5886627906976745,0.1962209302325581,64.0,49.0,2109.0,3.0,2.0,0.2133712660028449,58.0,0.8448275862068966,0.4791127195207551,0.4791127195207551,1.22865197836221,0.4453466946489651,1.0703175617049632,413,True,,False,0.122267370521717,10.296010296010296,8.365508365508365,50.9265112603714,69.85381272224417,2.5483998419596996,,21.8,1050166,Anthony Elanga,Newcastle United,1313,32,6.39,1313.0,,0.11,0.12,23.6,15.0,2.0,0.9,1.0,0.2,0.4,3.8,2.2,0.5,,,,,anthony elanga,exact_name,
61651,Jordan Henderson,2025-07-15,Ajax,Brentford,Midfield,Defensive Midfield,right,182.0,35.07734428473648,0.0,2500000.0,2500000,1200000.0,2000000.0,0.0,2.9372144436256447,169625000.0,498225000.0,NL1,GB1,45.0,3237.0,1.0,6.0,0.1946246524559777,0.0278035217794253,71.93333333333334,34.0,2086.0,1.0,3.0,0.1725790987535954,45.0,0.7555555555555555,0.2743648108274377,0.2355486301266244,0.709364483984017,0.7326686581060635,0.8862389411610148,409,True,,False,0.1228288920827042,41.53948241539482,46.58261446582615,15.93638877913868,53.00276570525484,73.62702489134729,,48.4,156008,Jordan Henderson,Brentford,1922,32,6.7,1922.0,0.05,0.02,0.11,42.2,19.0,8.0,0.1,1.3,0.8,1.6,8.6,4.6,0.6,,,,,jordan henderson,exact_name,
124884,Marco Bizot,2025-07-15,Stade Brestois,Aston Villa,Goalkeeper,Goalkeeper,right,193.0,34.34907597535934,500000.0,3000000.0,3000000,1500000.0,2500000.0,0.1666666666666666,4.536059806508355,113700000.0,515750000.0,FR1,GB1,41.0,3690.0,0.0,0.0,0.0,0.0,90.0,14.0,1170.0,0.0,0.0,0.0,55.0,0.2545454545454545,0.0025413936551001,0.0039623389120549,0.0,0.0,0.0697719229727917,409,True,,False,0.1228288920827042,40.8955223880597,37.46268656716418,19.508099565389173,7.890161991307783,54.37574081390755,,29.6,195782,Marco Bizot,Aston Villa,585,7,,585.0,,,,,,,,,,,,,,1.0,,,,marco bizot,exact_name,
1111589,El Hadji Malick Diouf,2025-07-15,Slavia Praha,West Ham,Defender,Left-Back,left,177.0,20.54483230663929,22000000.0,18000000.0,18000000,28000000.0,28000000.0,1.2222222222222223,4.149185667752443,115125000.0,477675000.0,TS1,GB1,12.0,943.0,0.0,1.0,0.0954400848356309,0.0,78.58333333333333,34.0,2906.0,0.0,5.0,0.1548520302821748,43.0,0.7906976744186046,0.1036875519315043,0.09624713860549,0.9204584644710138,1.6089000932994173,1.0214827592856757,409,True,,False,0.1228288920827042,77.37094837935174,80.13205282112845,69.42710391149743,57.21058870011853,49.624654286843146,,62.4,1451265,Malick Diouf,West Ham United,2711,32,6.91,2711.0,,0.02,0.08,25.6,29.0,5.0,0.8,1.5,1.1,3.9,6.8,4.2,0.9,,,,,malick diouf,fuzzy_name+club,143.0
503987,Noni Madueke,2025-07-18,Chelsea,Arsenal,Attack,Right Winger,left,182.0,23.356605065023956,56000000.0,40000000.0,40000000,50000000.0,50000000.0,1.4,1.100277100652124,1199925000.0,1320250000.0,GB1,GB1,40.0,2355.0,8.0,4.0,0.4585987261146496,0.3057324840764331,58.875,42.0,2220.0,8.0,4.0,0.4864864864864865,62.0,0.6774193548387096,0.4791127195207551,0.4791127195207551,0.9571833671487052,1.0153904637996405,1.0088337065118185,406,True,,False,0.1232520556516874,49.61389961389961,52.831402831402826,59.128802844725406,49.37376531015408,20.604504148557883,,44.7,1084981,Noni Madueke,Arsenal,1217,26,6.72,1217.0,0.22,0.09,0.21,23.1,22.0,7.0,2.1,1.6,0.4,0.6,5.2,2.6,1.1,,,,,noni madueke,exact_name,
346707,Sean Longstaff,2025-07-18,Newcastle,Leeds,Midfield,Central Midfield,right,187.0,27.71526351813826,13800000.0,20000000.0,20000000,15000000.0,18000000.0,0.69,0.5616515045486354,714500000.0,401300000.0,GB1,GB1,28.0,995.0,0.0,1.0,0.0904522613065326,0.0,35.535714285714285,28.0,1307.0,3.0,2.0,0.3442999234889059,44.0,0.6363636363636364,0.2355486301266244,0.2355486301266244,0.3840067388967961,1.4616935929698247,0.7418200548120752,406,True,,False,0.1232520556516874,73.32448573324486,86.26410086264102,30.861319636507304,38.12327143421573,68.49071513235874,,60.5,820024,Sean Longstaff,Leeds United,1006,23,,1006.0,0.18,0.11,0.17,34.0,25.0,6.0,0.2,3.4,1.1,1.0,9.8,3.8,1.2,,,,,sean longstaff,exact_name,
341051,Kyle Walker-Peters,2025-07-20,Southampton,West Ham,Defender,Right-Back,right,173.0,28.268309377138944,0.0,15000000.0,15000000,12000000.0,13000000.0,0.0,3.152970297029703,151500000.0,477675000.0,GB1,GB1,35.0,3102.0,0.0,2.0,0.058027079303675,0.0,88.62857142857143,28.0,1830.0,1.0,1.0,0.0983606557377049,43.0,0.6511627906976745,0.09624713860549,0.09624713860549,0.6028966693911162,1.0219592723777282,0.9145346953073116,404,True,,False,0.1235351317067023,54.921968787515006,62.54501800720288,30.144211774002372,39.43895693401818,82.55630185697352,,56.7,734042,Kyle Walker-Peters,West Ham United,1380,23,6.7,1380.0,0.07,0.07,0.03,33.3,7.0,1.0,1.0,2.9,0.6,2.2,5.9,3.8,0.8,,,,,kyle walker peters,exact_name,
413039,Bryan Mbeumo,2025-07-21,Brentford,Man Utd,Attack,Right Winger,left,171.0,25.95482546201232,75000000.0,55000000.0,55000000,75000000.0,80000000.0,1.3636363636363635,1.5269205680164584,498225000.0,760750000.0,GB1,GB1,39.0,3444.0,20.0,8.0,0.7317073170731708,0.5226480836236934,88.3076923076923,34.0,2670.0,12.0,3.0,0.5056179775280899,40.0,0.85,0.4791127195207551,0.4791127195207551,1.5272132992108411,1.0553215494546824,1.1379375378608587,403,True,,False,0.1236769606320821,53.346203346203346,45.43114543114543,65.48992493085737,64.13275385223233,23.627024891347293,,48.1,923312,Bryan Mbeumo,Manchester United,2621,33,7.19,2621.0,0.38,0.42,0.17,21.6,47.0,6.0,0.6,0.9,0.3,0.5,4.8,3.1,0.8,,,,,bryan mbeumo,exact_name,
344069,Anton Stach,2025-07-22,Hoffenheim,Leeds,Midfield,Defensive Midfield,right,194.0,26.68309377138946,20000000.0,14000000.0,14000000,28000000.0,28000000.0,1.4285714285714286,1.2881791188508145,311525000.0,401300000.0,L1,GB1,39.0,3386.0,2.0,2.0,0.106320141760189,0.0531600708800945,86.82051282051282,34.0,2501.0,5.0,3.0,0.2878848460615754,44.0,0.7727272727272727,0.2678347608424593,0.2355486301266244,0.3969616991676694,1.222188581214913,0.7475704663614076,402,True,,False,0.1238189838436308,64.29993364299933,79.09754479097545,78.26155669695771,55.029632556301856,29.652311339391545,,57.0,881735,Anton Stach,Leeds United,2378,29,7.31,2378.0,0.19,0.11,0.17,27.5,63.0,9.0,0.8,2.5,0.8,2.0,10.0,4.5,1.4,,,,,anton stach,exact_name,
709726,Hugo Ekitiké,2025-07-23,Frankfurt,Liverpool,Attack,Centre-Forward,right,190.0,23.091033538672143,95000000.0,75000000.0,75000000,80000000.0,90000000.0,1.2666666666666666,2.3997780060694085,423435000.0,1016150000.0,L1,GB1,48.0,3644.0,22.0,12.0,0.8397365532381997,0.5433589462129528,75.91666666666667,45.0,2872.0,17.0,6.0,0.7207520891364902,57.0,0.7894736842105263,0.543236014295955,0.4791127195207551,1.545804275010219,1.504347640483102,1.142148134654494,401,True,,False,0.1239612016074935,83.52638352638353,79.08622908622908,54.587119715527464,62.0881074674042,54.22757803239826,,67.8,1197030,Hugo Ekitiké,Liverpool,1810,28,7.08,1810.0,0.55,0.49,0.13,15.3,21.0,3.0,1.9,0.5,0.1,1.3,4.2,2.1,1.7,,,,,hugo ekitike,exact_name,
646750,Cristhian Mosquera,2025-07-24,Valencia,Arsenal,Defender,Centre-Back,right,191.0,21.073237508555785,15000000.0,30000000.0,30000000,40000000.0,40000000.0,0.5,9.704152884968762,136050000.0,1320250000.0,ES1,GB1,41.0,3615.0,1.0,0.0,0.0248962655601659,0.0248962655601659,88.17073170731707,34.0,1932.0,0.0,0.0,0.0,62.0,0.5483870967741935,0.0909966967446702,0.09624713860549,0.2735952671998962,0.0,0.8036329811358984,400,True,,False,0.1241036141901805,6.602641056422569,13.565426170468186,62.463453180561054,35.30620308178586,16.86092453575662,,29.5,1298907,Cristhian Mosquera,Arsenal,989,20,,989.0,,0.01,0.06,52.6,5.0,,0.1,2.9,0.7,4.3,8.6,3.1,1.5,,,,,cristhian mosquera,exact_name,
352041,Lucas Perri,2025-07-26,Lyon,Leeds,Goalkeeper,Goalkeeper,right,197.0,27.6249144421629,16000000.0,10000000.0,10000000,10000000.0,16000000.0,1.6,1.608900471083492,249425000.0,401300000.0,FR1,GB1,44.0,3990.0,0.0,0.0,0.0,0.0,90.6818181818182,20.0,1860.0,0.0,0.0,0.0,44.0,0.4545454545454545,0.0025413936551001,0.0039623389120549,0.0,0.0,0.0697719229727917,398,True,,False,0.1243890248798927,40.8955223880597,37.46268656716418,63.095614381667325,20.90280521532991,12.653101540892928,,30.5,637656,Lucas Perri,Leeds United,1440,16,,1440.0,,,,,,,,,,,,,,3.0,,,,lucas perri,exact_name,
325443,Viktor Gyökeres,2025-07-26,Sporting,Arsenal,Attack,Centre-Forward,right,189.0,27.143052703627653,66900000.0,75000000.0,75000000,65000000.0,70000000.0,0.892,2.6312904833084207,501750000.0,1320250000.0,PO1,GB1,45.0,3755.0,49.0,10.0,1.4141145139813582,1.174434087882823,83.44444444444444,54.0,3427.0,21.0,3.0,0.6302888824044354,62.0,0.8709677419354839,0.4331228916016845,0.4791127195207551,3.264926748045977,1.3155336035221483,1.5315054040600602,398,True,,False,0.1243890248798927,73.23037323037323,32.94723294723295,35.6084551560648,74.33820624259187,60.4701698933228,,56.7,664500,Viktor Gyökeres,Arsenal,2230,36,6.82,2230.0,0.57,0.5,0.08,8.0,20.0,4.0,0.3,0.3,0.0,0.8,3.4,2.2,1.4,,,,,viktor gyokeres,exact_name,
111455,Granit Xhaka,2025-07-30,Leverkusen,Sunderland,Midfield,Defensive Midfield,left,183.0,32.837782340862425,15000000.0,12000000.0,12000000,8000000.0,10000000.0,1.25,0.8970225782315919,454420000.0,407625000.0,L1,GB1,49.0,4185.0,2.0,7.0,0.1935483870967742,0.043010752688172,85.40816326530613,36.0,3028.0,1.0,6.0,0.2080581241743725,42.0,0.8571428571428571,0.2678347608424593,0.2355486301266244,0.722641028699854,0.883291590626217,0.8921320967147854,394,True,,False,0.1249621958522318,48.971466489714665,56.80159256801593,24.300671671276177,66.19913077834848,22.95535361517187,,39.4,207236,Granit Xhaka,Sunderland,2903,34,7.24,2903.0,0.03,0.03,0.11,46.9,34.0,9.0,0.3,1.6,0.9,2.6,11.3,5.5,0.7,,,,,granit xhaka,exact_name,
365108,Dan Ndoye,2025-07-31,Bologna,Nott'm Forest,Attack,Right Winger,right,184.0,24.763860369609855,42000000.0,35000000.0,35000000,32000000.0,40000000.0,1.2,2.0108124750968956,276070000.0,555125000.0,IT1,GB1,41.0,3022.0,9.0,6.0,0.4467240238252813,0.2680344142951688,73.70731707317073,37.0,2014.0,2.0,2.0,0.1787487586891757,56.0,0.6607142857142857,0.4985622392500374,0.4791127195207551,0.8960245856109484,0.3730828913663027,0.994982095266424,393,True,,False,0.1251059796596973,7.657657657657657,8.42985842985843,49.00237060450415,45.620308178585546,4.109047807190834,,18.7,1022649,Dan Ndoye,Nottingham Forest,1176,24,6.55,1176.0,0.08,0.08,0.12,16.9,14.0,2.0,1.0,1.8,0.8,0.9,7.4,3.8,1.2,,,,,dan ndoye,exact_name,
646991,Robin Roefs,2025-08-01,NEC Nijmegen,Sunderland,Goalkeeper,Goalkeeper,left,193.0,22.537987679671456,10500000.0,4000000.0,4000000,28000000.0,28000000.0,2.625,4.659370177744756,87485000.0,407625000.0,NL1,GB1,32.0,2880.0,0.0,0.0,0.0,0.0,90.0,37.0,3360.0,0.0,0.0,0.0,42.0,0.8809523809523809,0.0045540978891356,0.0039623389120549,0.0,0.0,0.0697719229727917,392,True,,False,0.1252499604312518,40.8955223880597,37.46268656716418,97.02884235480047,69.12485183721849,8.71197155274595,,54.0,1125720,Robin Roefs,Sunderland,3150,35,6.95,3150.0,,,0.0,24.0,5.0,1.0,0.0,,,1.1,1.1,9.5,,10.0,3.1,70.3,1.3,robin roefs,exact_name,
661427,David Møller Wolfe,2025-08-02,AZ Alkmaar,Wolves,Defender,Left-Back,left,185.0,23.277207392197127,12000000.0,9000000.0,9000000,8000000.0,12000000.0,1.3333333333333333,1.396581406787998,203300000.0,283925000.0,NL1,GB1,45.0,3734.0,3.0,7.0,0.241028387787895,0.0723085163363685,82.97777777777777,26.0,1320.0,2.0,3.0,0.3409090909090909,44.0,0.5909090909090909,0.1132639743398324,0.09624713860549,2.1280234001388965,3.5420179326728083,1.428164967280328,391,True,,False,0.1253941384367091,97.89915966386556,97.77911164465787,54.99604899249309,33.158830501777956,65.34966416436191,,64.9,1049679,David Møller Wolfe,Wolverhampton Wanderers,1049,22,,1049.0,,0.01,0.09,16.6,8.0,3.0,0.4,0.9,0.6,2.7,4.3,2.3,0.9,,,,,david mller wolfe,exact_name,
123682,Callum Wilson,2025-08-02,Newcastle,West Ham,Attack,Centre-Forward,right,180.0,33.42915811088296,0.0,8000000.0,8000000,4000000.0,7000000.0,0.0,0.6685444366689993,714500000.0,477675000.0,GB1,GB1,20.0,446.0,1.0,0.0,0.2017937219730941,0.2017937219730941,22.3,35.0,1366.0,7.0,1.0,0.527086383601757,43.0,0.813953488372093,0.4791127195207551,0.4791127195207551,0.4211821430559045,1.1001302243217186,0.8874369030355177,391,True,,False,0.1253941384367091,57.4002574002574,68.91891891891892,22.06835242986962,60.681548794942714,84.1564598972738,,59.3,184321,Callum Wilson,West Ham United,1243,32,6.4,1243.0,0.51,0.55,0.04,7.3,8.0,1.0,0.9,0.3,0.2,0.4,3.0,2.0,0.9,,,,,callum wilson,exact_name,
904802,Jorrel Hato,2025-08-03,Ajax,Chelsea,Defender,Left-Back,left,182.0,19.408624229979463,44180000.0,35000000.0,35000000,40000000.0,40000000.0,1.2622857142857142,7.073986735445836,169625000.0,1199925000.0,NL1,GB1,48.0,4005.0,2.0,6.0,0.1797752808988764,0.0449438202247191,83.4375,35.0,2158.0,2.0,1.0,0.1251158480074142,58.0,0.603448275862069,0.1132639743398324,0.09624713860549,1.5872238454169567,1.299943560091225,1.2460351699496346,390,True,,False,0.1255385139462526,67.52701080432173,60.024009603841534,53.52232319241406,39.63650730936389,36.64559462662979,,47.8,1413846,Jorrel Hato,Chelsea,1142,22,,1142.0,,0.02,0.05,55.2,8.0,1.0,0.6,2.8,1.4,3.1,7.9,3.9,1.2,,,,,jorrel hato,exact_name,
475188,Kiernan Dewsbury-Hall,2025-08-06,Chelsea,Everton,Midfield,Central Midfield,left,176.0,26.915811088295687,28650000.0,20000000.0,20000000,35000000.0,35000000.0,1.4325,0.3862533074983853,1199925000.0,463475000.0,GB1,GB1,21.0,646.0,1.0,1.0,0.2786377708978328,0.1393188854489164,30.761904761904763,32.0,2683.0,8.0,6.0,0.4696235557212075,41.0,0.7804878048780488,0.2355486301266244,0.2355486301266244,1.1829309758585516,1.9937435232323404,1.09644431171508,387,True,,False,0.125972828206789,86.99402786994028,89.84737889847378,74.22362702489134,54.764915053338605,53.14105096799684,,70.3,886016,Kiernan Dewsbury-Hall,Everton,2635,31,7.17,2635.0,0.27,0.15,0.18,28.9,37.0,10.0,0.9,1.8,0.4,1.0,7.9,4.6,1.1,,,,,kiernan dewsbury hall,exact_name,
74960,Martin Dúbravka,2025-08-07,Newcastle,Burnley,Goalkeeper,Goalkeeper,right,191.0,36.558521560574945,,1000000.0,1000000,500000.0,750000.0,,0.3654303708887333,714500000.0,261100000.0,GB1,GB1,12.0,1110.0,0.0,0.0,0.0,0.0,92.5,35.0,3150.0,0.0,0.0,0.0,42.0,0.8333333333333334,0.0039623389120549,0.0039623389120549,0.0,0.0,0.0697719229727917,328,False,,False,0.134887032766851,40.8955223880597,37.46268656716418,14.09126827340972,62.6728565784275,72.02686685104702,,51.5,72241,Martin Dúbravka,Burnley,3150,35,6.73,3150.0,,,0.0,20.0,,,,0.0,,1.7,1.7,8.3,,4.0,3.6,64.1,2.0,martin dubravka,exact_name,
500689,Evann Guessand,2025-08-08,Nice,Aston Villa,Attack,Right Winger,right,188.0,24.10403832991102,30000000.0,25000000.0,25000000,25000000.0,30000000.0,1.2,2.4650495877643683,209225000.0,515750000.0,FR1,GB1,40.0,2909.0,13.0,9.0,0.6806462701959436,0.4022000687521485,72.725,21.0,1207.0,2.0,0.0,0.1491300745650372,55.0,0.3818181818181818,0.4766053917119471,0.4791127195207551,1.4281128204426936,0.3112630253569733,1.115492661236209,326,False,0.0,False,0.13520200729983,6.370656370656371,5.019305019305019,53.05017779533781,17.52666930067167,3.6349269063611223,,15.7,1087966,Evann Guessand,Crystal Palace,916,21,,916.0,0.1,0.15,0.1,15.1,5.0,2.0,1.4,2.4,0.5,1.0,8.4,4.2,1.5,,,,,evann guessand,exact_name,
400536,Mads Hermansen,2025-08-09,Leicester,West Ham,Goalkeeper,Goalkeeper,right,187.0,25.078713210130047,20800000.0,15000000.0,15000000,15000000.0,18000000.0,1.3866666666666667,3.4150134048257375,139875000.0,477675000.0,GB1,GB1,28.0,2475.0,0.0,0.0,0.0,0.0,88.39285714285714,19.0,1740.0,0.0,1.0,0.0517241379310344,43.0,0.4418604651162791,0.0039623389120549,0.0039623389120549,0.0,1.0344827586206895,0.0697719229727917,384,True,,False,0.1264089297662919,99.70149253731344,99.70149253731344,53.05017779533781,19.798498617147377,65.64598972738048,,47.9,967941,Mads Hermansen,West Ham United,1620,18,,1620.0,,,,,2.0,,,,,,,,,7.0,,,,mads hermansen,exact_name,
627442,Benjamin Sesko,2025-08-09,Leipzig,Man Utd,Attack,Centre-Forward,right,195.0,22.193018480492817,76500000.0,70000000.0,70000000,75000000.0,75000000.0,1.0928571428571427,1.3022638764068986,584175000.0,760750000.0,L1,GB1,45.0,3258.0,21.0,6.0,0.7458563535911602,0.580110497237569,72.4,32.0,1817.0,12.0,1.0,0.6439185470555862,40.0,0.8,0.543236014295955,0.4791127195207551,1.3729876774790148,1.3439813238514775,1.1030075849972674,384,True,,False,0.1264089297662919,75.16087516087516,71.4929214929215,50.310154089292766,57.016989332279735,52.78546029237455,,62.4,1073977,Benjamin Sesko,Manchester United,1635,30,6.8,1635.0,0.61,0.51,0.02,11.6,9.0,,0.6,0.3,0.2,0.8,3.5,2.1,0.9,,,,,benjamin sesko,exact_name,
521964,Malick Thiaw,2025-08-12,AC Milan,Newcastle,Defender,Centre-Back,right,194.0,24.01095140314853,35000000.0,18000000.0,18000000,45000000.0,45000000.0,1.9444444444444444,1.467688262602194,486820000.0,714500000.0,IT1,GB1,31.0,2442.0,1.0,1.0,0.0737100737100737,0.0368550368550368,78.7741935483871,54.0,4641.0,5.0,1.0,0.1163542340012928,58.0,0.9310344827586208,0.0979603049171636,0.09624713860549,0.7524483899106257,1.2089110978999629,0.9649005366081228,381,True,,False,0.1268468259798908,63.74549819927971,68.7875150060024,84.08731726590281,79.57724219676017,24.120900829711577,,57.6,1137407,Malick Thiaw,Newcastle United,2964,35,7.03,2964.0,0.12,0.14,0.03,46.1,6.0,1.0,0.2,1.3,0.9,5.6,8.9,3.6,0.7,,,,,malick thiaw,exact_name,
353032,Omar Alderete,2025-08-12,Getafe,Sunderland,Defender,Centre-Back,left,190.0,28.62696783025325,11600000.0,8000000.0,8000000,13000000.0,15000000.0,1.45,3.719206204379562,109600000.0,407625000.0,ES1,GB1,36.0,3073.0,1.0,0.0,0.0292873413602342,0.0292873413602342,85.36111111111111,34.0,2892.0,1.0,1.0,0.0622406639004149,42.0,0.8095238095238095,0.0909966967446702,0.09624713860549,0.3218505990652863,0.646675473185077,0.8198843514190853,381,True,,False,0.1268468259798908,33.85354141656663,48.019207683073226,74.65231133939155,59.46858949032003,10.904780719083366,,41.1,751998,Omar Alderete,Sunderland,2802,33,6.92,2802.0,0.03,0.05,0.03,34.0,9.0,1.0,0.5,1.0,1.2,7.0,10.1,3.3,1.1,,,,,omar alderete,exact_name,
463605,Bafodé Diakité,2025-08-13,Lille,Bournemouth,Defender,Centre-Back,right,184.0,24.59958932238193,35000000.0,28000000.0,28000000,25000000.0,35000000.0,1.25,1.8975220495590088,297625000.0,564750000.0,FR1,GB1,44.0,3922.0,4.0,1.0,0.1147373788883222,0.0917899031106578,89.13636363636364,20.0,1440.0,0.0,0.0,0.0,40.0,0.5,0.0906137250941025,0.09624713860549,1.2662251636732431,0.0,1.1379296355812452,380,True,,False,0.1269931914720592,6.602641056422569,4.3817527010804325,52.70841564598973,23.848281311734496,3.121295930462268,,19.5,979752,Bafodé Diakité,Bournemouth,1275,18,,1275.0,,,,,3.0,,,,,,,,,,,,,bafode diakite,exact_name,
306024,Dominic Calvert-Lewin,2025-08-15,Everton,Leeds,Attack,Centre-Forward,right,189.0,28.41615331964408,0.0,16000000.0,16000000,22000000.0,22000000.0,0.0,0.8658503694913425,463475000.0,401300000.0,GB1,GB1,26.0,1613.0,3.0,2.0,0.2789832610043397,0.1673899566026038,62.03846153846154,39.0,2955.0,15.0,1.0,0.4873096446700508,44.0,0.8863636363636364,0.4791127195207551,0.4791127195207551,0.5822914934994837,1.0171085525708747,0.923925924468438,378,True,,False,0.127286524232983,50.06435006435006,59.781209781209775,63.91742394310549,70.81588305017779,79.67206637692613,,63.7,612150,Dominic Calvert-Lewin,Leeds United,2726,35,6.85,2726.0,0.46,0.52,0.04,8.9,20.0,2.0,0.3,0.3,0.1,1.2,3.5,1.5,1.5,,,,,dominic calvert lewin,exact_name,
583199,James McAtee,2025-08-16,Man City,Nott'm Forest,Midfield,Attacking Midfield,left,180.0,22.82819986310746,25500000.0,20000000.0,20000000,18000000.0,25000000.0,1.275,0.3942719153394058,1407975000.0,555125000.0,GB1,GB1,24.0,676.0,7.0,0.0,0.9319526627218936,0.9319526627218936,28.166666666666668,26.0,1018.0,1.0,2.0,0.2652259332023575,56.0,0.4642857142857143,0.2355486301266244,0.2355486301266244,3.956519136710333,1.1259922550166368,2.327576870964398,377,True,,False,0.1274334920514314,60.98208360982083,2.12342402123424,52.84670090873173,24.992097984986167,30.225207427894112,,38.3,1107648,James McAtee,Nottingham Forest,289,14,,289.0,,,,,6.0,1.0,,,,,,,,,,,,james mcatee,exact_name,
741238,Omari Hutchinson,2025-08-16,Ipswich,Nott'm Forest,Midfield,Attacking Midfield,left,174.0,21.796030116358654,43400000.0,22000000.0,22000000,30000000.0,35000000.0,1.9727272727272729,3.9908339324227176,139100000.0,555125000.0,GB1,GB1,32.0,2605.0,3.0,2.0,0.1727447216890595,0.1036468330134357,81.40625,41.0,2448.0,1.0,8.0,0.3308823529411764,56.0,0.7321428571428571,0.2355486301266244,0.2355486301266244,0.7333717950140347,1.40473053383203,0.8968952392683744,377,True,,False,0.1274334920514314,71.40013271400133,80.55739880557398,68.16870802054524,54.24535756617938,28.921374950612407,,56.7,1215652,Omari Hutchinson,Nottingham Forest,1684,31,6.76,1684.0,0.05,0.1,0.21,23.9,33.0,8.0,2.2,1.2,0.6,0.4,6.9,4.6,1.2,,,,,omari hutchinson,exact_name,
823231,Dango Ouattara,2025-08-16,Bournemouth,Brentford,Attack,Right Winger,left,177.0,23.509924709103355,42800000.0,28000000.0,28000000,35000000.0,35000000.0,1.5285714285714285,0.8822045152722443,564750000.0,498225000.0,GB1,GB1,37.0,2285.0,9.0,4.0,0.512035010940919,0.3544857768052517,61.75675675675676,37.0,2590.0,7.0,8.0,0.5212355212355212,45.0,0.8222222222222222,0.4791127195207551,0.4791127195207551,1.0687151271064046,1.087918354071043,1.0340940949892272,377,True,,False,0.1274334920514314,56.4993564993565,56.821106821106824,59.128802844725406,62.62346898459107,22.876333465033586,,49.3,1250253,Dango Ouattara,Brentford,2279,32,6.97,2279.0,0.28,0.3,0.16,12.1,27.0,12.0,0.9,0.9,0.9,2.1,7.3,3.4,1.1,,,,,dango ouattara,exact_name,
503749,Jacob Ramsey,2025-08-17,Aston Villa,Newcastle,Midfield,Central Midfield,right,180.0,24.2217659137577,45150000.0,32000000.0,32000000,35000000.0,40000000.0,1.4109375,1.3853611245758604,515750000.0,714500000.0,GB1,GB1,44.0,2246.0,4.0,7.0,0.4407836153161175,0.1602849510240427,51.04545454545455,43.0,2332.0,2.0,3.0,0.192967409948542,57.0,0.7543859649122807,0.2355486301266244,0.2355486301266244,1.871306214258875,0.8192253542073588,1.4019983881773133,376,True,,False,0.127580661195627,45.719973457199735,16.19110816191108,56.86092453575662,57.24812327143421,17.483208218095612,,37.3,1021929,Jacob Ramsey,Newcastle United,1444,28,6.79,1444.0,0.12,0.07,0.09,39.6,22.0,2.0,0.9,2.6,0.6,0.6,9.3,5.3,1.0,,,,,jacob ramsey,exact_name,
848509,Jackson Tchatchoua,2025-08-19,Hellas Verona,Wolves,Defender,Right-Back,right,180.0,23.928815879534564,12500000.0,8000000.0,8000000,12000000.0,12000000.0,1.5625,2.689575143276654,105565000.0,283925000.0,IT1,GB1,35.0,3080.0,2.0,3.0,0.1461038961038961,0.0584415584415584,88.0,36.0,2185.0,0.0,2.0,0.0823798627002288,43.0,0.8372093023255814,0.0979603049171636,0.09624713860549,1.4914602014299905,0.8559201228609806,1.2137840097578283,374,True,,False,0.1278756045647923,45.19807923169268,36.31452581032413,67.75385223231925,63.745555116554726,15.231133939154484,,42.4,1210943,Jackson Tchatchoua,Wolverhampton Wanderers,1837,31,6.5,1837.0,,0.02,0.08,20.2,21.0,3.0,0.2,1.4,0.7,2.8,5.3,3.0,0.4,,,,,jackson tchatchoua,exact_name,
346890,Noah Okafor,2025-08-21,AC Milan,Leeds,Attack,Left Winger,right,185.0,25.242984257357975,19000000.0,13000000.0,13000000,25000000.0,25000000.0,1.4615384615384617,0.8243293208988949,486820000.0,401300000.0,IT1,GB1,17.0,561.0,0.0,2.0,0.320855614973262,0.0,33.0,33.0,1967.0,8.0,3.0,0.5033045246568378,43.0,0.7674418604651163,0.4985622392500374,0.4791127195207551,0.6435618057555047,1.050492930265515,0.9378027958663808,372,True,,False,0.1281713565513248,52.96010296010296,61.38996138996139,76.52706440142236,53.79494271039115,21.77005136309759,,51.1,915797,Noah Okafor,Leeds United,1568,28,6.94,1568.0,0.46,0.3,0.08,14.5,20.0,4.0,2.2,1.3,0.7,0.9,6.5,3.5,1.0,,,,,noah okafor,exact_name,
532776,Amine Adli,2025-08-21,Leverkusen,Bournemouth,Attack,Left Winger,left,180.0,25.281314168377826,21000000.0,18000000.0,18000000,20000000.0,20000000.0,1.1666666666666667,1.2427930108710004,454420000.0,564750000.0,L1,GB1,28.0,1161.0,2.0,3.0,0.3875968992248062,0.1550387596899224,41.464285714285715,33.0,1243.0,3.0,2.0,0.3620273531777956,39.0,0.8461538461538461,0.543236014295955,0.4791127195207551,0.7134963239267922,0.7556204175500139,0.953641989094006,372,True,,False,0.1281713565513248,28.764478764478763,34.87773487773488,51.7186882655077,63.09363887791386,12.6037139470565,,33.5,1079557,Amine Adli,Bournemouth,1082,31,6.69,1082.0,0.25,0.22,0.13,26.5,16.0,1.0,0.7,3.0,0.6,1.4,10.2,5.1,2.4,,,,,amine adli,exact_name,
479999,Eberechi Eze,2025-08-23,Crystal Palace,Arsenal,Midfield,Attacking Midfield,right,178.0,27.15126625598905,69300000.0,55000000.0,55000000,65000000.0,65000000.0,1.26,2.848220738455564,463535000.0,1320250000.0,GB1,GB1,41.0,3220.0,12.0,10.0,0.6149068322981366,0.3354037267080745,78.53658536585365,51.0,3087.0,10.0,6.0,0.466472303206997,60.0,0.85,0.2355486301266244,0.2355486301266244,2.6105302839909523,1.980365171116616,1.7301231017427394,370,True,,False,0.1284679193721316,86.59588586595885,71.06834771068348,55.40497826945871,71.15369419201897,57.34887396286052,,67.7,818975,Eberechi Eze,Arsenal,1900,33,6.97,1900.0,0.33,0.24,0.13,26.8,16.0,4.0,1.4,0.9,0.5,0.5,5.7,3.7,0.8,,,,,eberechi eze,exact_name,
866655,Tyler Dibling,2025-08-25,Southampton,Everton,Attack,Right Winger,left,178.0,19.51813826146475,40500000.0,25000000.0,25000000,17000000.0,35000000.0,1.62,3.059240924092409,151500000.0,463475000.0,GB1,GB1,34.0,2072.0,4.0,3.0,0.304054054054054,0.1737451737451737,60.94117647058823,17.0,513.0,0.0,0.0,0.0,39.0,0.4358974358974359,0.4791127195207551,0.4791127195207551,0.6346190398747752,0.0,0.9357773840886464,368,True,,False,0.1287652952501976,1.8018018018018016,3.2175032175032174,51.04109047807191,18.308968787040698,0.7309363887791387,,13.0,1292833,Tyler Dibling,Everton,350,14,,350.0,,,,,4.0,,,,,,,,,,,,,tyler dibling,exact_name,
413220,James Justin,2025-08-25,Leicester,Leeds,Defender,Right-Back,both,183.0,27.50171115674196,9300000.0,13000000.0,13000000,12000000.0,12000000.0,0.7153846153846154,2.8689901697944595,139875000.0,401300000.0,GB1,GB1,36.0,2921.0,4.0,2.0,0.1848681958233481,0.1232454638822321,81.13888888888889,34.0,2271.0,3.0,1.0,0.1585204755614266,42.0,0.8095238095238095,0.09624713860549,0.09624713860549,1.920765630042358,1.6470149435942252,1.3583649548111931,368,True,,False,0.1287652952501976,78.33133253301321,70.22809123649459,36.34729355985777,59.46858949032003,74.00237060450415,,62.6,710158,James Justin,Leeds United,1896,29,7.05,1896.0,0.09,0.08,0.06,25.6,12.0,5.0,0.1,2.7,1.3,4.3,8.8,3.3,0.6,,,,,james justin,exact_name,
745181,Soungoutou Magassa,2025-08-29,Monaco,West Ham,Midfield,Defensive Midfield,right,190.0,21.89185489390828,17000000.0,12000000.0,12000000,17000000.0,17000000.0,1.4166666666666667,1.1676383236167638,409095000.0,477675000.0,FR1,GB1,27.0,1292.0,1.0,1.0,0.1393188854489164,0.0696594427244582,47.851851851851855,26.0,1259.0,1.0,1.0,0.1429706115965051,40.0,0.65,0.2109459846919036,0.2355486301266244,0.6604481505177645,0.606968554729646,0.8645260958080457,364,True,,False,0.1293624951005366,33.178500331785,39.68148639681486,65.11853022520742,38.03042275780324,10.944290794152508,,34.1,1385894,Soungoutou Magassa,West Ham United,979,22,,979.0,0.09,0.04,0.03,30.1,5.0,1.0,0.5,3.7,1.5,1.3,11.8,5.0,1.6,,,,,soungoutou magassa,exact_name,
568157,Yéremy Pino,2025-08-29,Villarreal,Crystal Palace,Attack,Right Winger,right,174.0,22.85831622176591,30000000.0,30000000.0,30000000,30000000.0,35000000.0,1.0,1.2042998181345803,384900000.0,463535000.0,ES1,GB1,34.0,2028.0,4.0,11.0,0.665680473372781,0.1775147928994083,59.64705882352941,38.0,2429.0,4.0,3.0,0.2593659942363112,54.0,0.7037037037037037,0.4599952362514491,0.4791127195207551,1.447146450466494,0.5413465008730071,1.1198035130394874,364,True,,False,0.1293624951005366,14.543114543114545,10.296010296010296,51.74041880679573,50.18964836033188,9.561438166732517,,23.4,1047676,Yéremi Pino,Crystal Palace,2091,34,6.71,2091.0,0.09,0.19,0.26,26.7,48.0,15.0,0.8,1.5,0.4,0.9,7.2,4.3,1.3,,,,,yeremi pino,fuzzy_name+club,211.0
880245,Mateus Fernandes,2025-08-29,Southampton,West Ham,Midfield,Central Midfield,right,180.0,21.136208076659823,44000000.0,15000000.0,15000000,50000000.0,50000000.0,2.933333333333333,3.152970297029703,151500000.0,477675000.0,GB1,GB1,38.0,3155.0,3.0,4.0,0.1996830427892234,0.0855784469096672,83.02631578947368,38.0,3251.0,4.0,4.0,0.2214703168255921,40.0,0.95,0.2355486301266244,0.2355486301266244,0.8477359544900746,0.94023181840003,0.947658882670607,364,True,,False,0.1293624951005366,52.48838752488387,56.934306569343065,89.53575661793758,75.1521137890162,13.749506124061636,,51.4,1356312,Mateus Fernandes,West Ham United,3024,36,7.24,3024.0,0.09,0.06,0.09,40.7,37.0,3.0,0.8,3.1,1.0,1.1,11.0,5.4,1.5,,,,,mateus fernandes,exact_name,
566931,Xavi Simons,2025-08-29,Leipzig,Tottenham,Midfield,Attacking Midfield,right,179.0,22.357289527720734,65000000.0,70000000.0,70000000,40000000.0,60000000.0,0.9285714285714286,1.3144177686480936,584175000.0,767850000.0,L1,GB1,33.0,2764.0,11.0,8.0,0.6186685962373372,0.3581765557163531,83.75757575757575,41.0,2569.0,5.0,6.0,0.3853639548462437,49.0,0.8367346938775511,0.2678347608424593,0.2355486301266244,2.3098891058477604,1.6360271534548203,1.59667533603354,364,True,,False,0.1293624951005366,78.83211678832117,60.053085600530856,23.03042275780324,66.14579217700513,64.20387198735678,,59.6,1173787,Xavi Simons,Tottenham Hotspur,1757,28,6.92,1757.0,0.1,0.16,0.2,34.1,34.0,7.0,1.4,1.7,0.8,0.6,7.6,4.5,1.1,,,,,xavi simons,exact_name,
811779,Alejandro Garnacho,2025-08-30,Man Utd,Chelsea,Attack,Left Winger,right,180.0,21.163586584531146,46200000.0,45000000.0,45000000,28000000.0,45000000.0,1.0266666666666666,1.5772921459086429,760750000.0,1199925000.0,GB1,GB1,52.0,3306.0,7.0,6.0,0.3539019963702359,0.190562613430127,63.57692307692308,42.0,2149.0,8.0,4.0,0.5025593299208935,55.0,0.7636363636363637,0.4791127195207551,0.4791127195207551,0.7386612418143178,1.048937566140159,0.9593414921062609,363,True,,False,0.1295123067142495,52.8957528957529,59.588159588159584,33.75938364282892,57.86052943500592,31.173449229553533,,45.2,1203665,Alejandro Garnacho,Chelsea,1268,24,6.88,1268.0,0.07,0.24,0.26,29.3,29.0,6.0,1.0,1.1,0.3,0.4,5.0,3.2,0.6,,,,,alejandro garnacho,exact_name,
708072,Nicolò Savona,2025-08-30,Juventus,Nott'm Forest,Defender,Right-Back,right,192.0,22.45037645448323,13000000.0,12000000.0,12000000,15000000.0,18000000.0,1.0833333333333333,0.9802926088453694,566285000.0,555125000.0,IT1,GB1,38.0,2432.0,1.0,1.0,0.0740131578947368,0.0370065789473684,64.0,20.0,1500.0,2.0,2.0,0.24,54.0,0.3703703703703703,0.0979603049171636,0.09624713860549,0.7555423388822976,2.4935806246016567,0.9659425128713096,363,True,,False,0.1295123067142495,92.1968787515006,94.9579831932773,65.32793362307389,16.42828921374951,68.01659423152904,,64.7,1622290,Nicolò Savona,Nottingham Forest,1026,14,,1026.0,,,,,7.0,1.0,,,,,,,,,,,,nicolo savona,exact_name,
455661,Nick Woltemade,2025-08-30,Stuttgart,Newcastle,Attack,Centre-Forward,right,198.0,23.540041067761805,75000000.0,30000000.0,30000000,55000000.0,70000000.0,2.5,1.6557557499565494,431525000.0,714500000.0,L1,GB1,34.0,2169.0,17.0,3.0,0.8298755186721992,0.7053941908713692,63.794117647058826,51.0,3026.0,11.0,5.0,0.4758757435558493,55.0,0.9272727272727272,0.543236014295955,0.4791127195207551,1.5276518802747916,0.9932438112514655,1.1380368703564494,363,True,,False,0.1295123067142495,47.87644787644788,39.703989703989706,80.20545239035954,78.38403792967208,12.01106282101936,,47.0,1106563,Nick Woltemade,Newcastle United,1912,33,6.66,1912.0,0.38,0.31,0.07,13.8,22.0,5.0,0.6,1.1,0.2,1.0,4.9,2.5,0.9,,,,,nick woltemade,exact_name,
349066,Alexander Isak,2025-09-01,Newcastle,Liverpool,Attack,Centre-Forward,right,190.0,25.94661190965092,145000000.0,120000000.0,120000000,85000000.0,140000000.0,1.2083333333333333,1.4221833449965011,714500000.0,1016150000.0,GB1,GB1,34.0,2681.0,24.0,5.0,0.9735173442745244,0.8056695262961581,78.8529411764706,22.0,1032.0,4.0,1.0,0.436046511627907,53.0,0.4150943396226415,0.4791127195207551,0.4791127195207551,2.0319171347575793,0.9101125765646,1.2522459192293958,361,True,,False,0.1298125458868703,41.44144144144144,23.55212355212355,44.42315290399051,19.71750296325563,18.668510470169895,,31.5,690107,Alexander Isak,Liverpool,703,14,,703.0,,,,,2.0,1.0,,,,,,,,,,,,alexander isak,exact_name,
184573,Victor Lindelöf,2025-09-01,Man Utd,Aston Villa,Defender,Centre-Back,right,187.0,31.12662559890486,0.0,8000000.0,8000000,5000000.0,6000000.0,0.0,0.6779493920473217,760750000.0,515750000.0,GB1,GB1,23.0,1090.0,0.0,0.0,0.0,0.0,47.391304347826086,27.0,1718.0,0.0,1.0,0.0523864959254947,52.0,0.5192307692307693,0.09624713860549,0.09624713860549,0.0,0.5442914634607807,0.7114919094011505,361,True,,False,0.1298125458868703,27.55102040816326,48.31932773109243,17.765705254839986,29.13868036349269,59.66021335440538,,38.5,258269,Victor Nilsson Lindelöf,Aston Villa,944,17,,944.0,,,,,2.0,1.0,,,,,,,,,,,,victor nilsson lindelof,fuzzy_name+club,336.0
131996,Bertrand Traoré,2025-09-01,Ajax,Sunderland,Attack,Right Winger,left,181.0,29.987679671457904,2900000.0,8000000.0,8000000,4000000.0,5000000.0,0.3625,2.4030950626381724,169625000.0,407625000.0,NL1,GB1,43.0,2486.0,9.0,7.0,0.5792437650844731,0.3258246178600161,57.81395348837209,12.0,639.0,1.0,0.0,0.1408450704225352,38.0,0.3157894736842105,0.5046288705881634,0.4791127195207551,1.1478609307655014,0.2939706350593637,1.0520195159414631,303,False,,False,0.1388868804587827,6.113256113256113,5.662805662805663,11.400632161201107,9.083366258395891,19.616752271829316,,10.7,303059,Bertrand Traoré,Sunderland,638,12,,638.0,,,,,8.0,2.0,,,,,,,,,,,,bertrand traore,exact_name,
315858,Gianluigi Donnarumma,2025-09-01,PSG,Man City,Goalkeeper,Goalkeeper,right,196.0,26.5160848733744,30000000.0,40000000.0,40000000,45000000.0,45000000.0,0.75,1.0006574037880671,1407050000.0,1407975000.0,FR1,GB1,45.0,4012.0,0.0,0.0,0.0,0.0,89.15555555555555,43.0,3870.0,0.0,0.0,0.0,56.0,0.7678571428571429,0.0025413936551001,0.0039623389120549,0.0,0.0,0.0697719229727917,361,True,,False,0.1298125458868703,40.8955223880597,37.46268656716418,52.47728170683524,58.806795732911894,33.85025681548795,,47.1,618878,Gianluigi Donnarumma,Manchester City,3060,34,7.25,3060.0,,,0.0,20.8,1.0,,0.1,,0.0,1.3,1.3,6.9,,15.0,2.3,72.9,0.9,gianluigi donnarumma,exact_name,
388165,Yoane Wissa,2025-09-01,Brentford,Newcastle,Attack,Centre-Forward,right,176.0,28.993839835728952,57700000.0,32000000.0,32000000,25000000.0,42000000.0,1.803125,1.4340910231321191,498225000.0,714500000.0,GB1,GB1,33.0,2701.0,17.0,4.0,0.699740836727138,0.5664568678267308,81.84848484848484,28.0,904.0,3.0,2.0,0.497787610619469,55.0,0.509090909090909,0.4791127195207551,0.4791127195207551,1.4604931328624962,1.038978074131269,1.1228263505015297,361,True,,False,0.1298125458868703,51.994851994852,45.23809523809524,51.24654286843145,29.19201896483603,16.930067167127618,,39.8,666857,Yoane Wissa,Newcastle United,521,19,,521.0,0.17,0.54,0.1,11.2,4.0,1.0,0.2,0.9,,0.3,3.8,2.4,1.0,,,,,yoane wissa,exact_name,
1006411,Jaydee Canvot,2025-09-01,Toulouse,Crystal Palace,Defender,Centre-Back,right,188.0,19.09377138945927,23000000.0,4000000.0,4000000,28000000.0,28000000.0,5.75,2.664606806162336,173960000.0,463535000.0,FR1,GB1,20.0,1285.0,0.0,0.0,0.0,0.0,64.25,24.0,1604.0,0.0,0.0,0.0,53.0,0.4528301886792453,0.0906137250941025,0.09624713860549,0.0,0.0,0.7114919094011505,361,True,,False,0.1298125458868703,6.602641056422569,17.97719087635054,97.02884235480047,23.058079810351636,0.2173054128802845,,30.5,1664722,Jaydee Canvot,Crystal Palace,1334,20,,1334.0,,0.1,0.02,45.5,3.0,,0.1,2.6,0.8,6.9,11.3,3.6,0.8,,,,,jaydee canvot,exact_name,
900195,Kevin,2025-09-01,Shakhtar D.,Fulham,Attack,Left Winger,right,176.0,22.65845311430527,40000000.0,12000000.0,12000000,25000000.0,30000000.0,3.3333333333333335,1.4086056292461986,231825000.0,326550000.0,UKR1,GB1,36.0,2759.0,14.0,5.0,0.6197897789054005,0.4566872055092424,76.63888888888889,31.0,1469.0,3.0,4.0,0.4288631722260041,41.0,0.7560975609756098,0.4125853079939455,0.4791127195207551,1.5022100082014933,0.8951195715592473,1.1322746410828524,361,True,,False,0.1298125458868703,40.15444015444015,31.27413127413127,82.71631766100356,51.18530225207427,7.684709600948242,,40.1,1318400,Kevin,Fulham,1037,26,6.62,1037.0,0.09,0.1,0.13,22.5,14.0,1.0,3.8,1.8,0.8,0.7,7.5,4.2,1.2,,,,,kevin,exact_name,
683571,Tolu Arokodare,2025-09-01,Genk,Wolves,Attack,Centre-Forward,right,197.0,24.772073921971252,26000000.0,18000000.0,18000000,20000000.0,25000000.0,1.4444444444444444,1.7158180994107872,165475000.0,283925000.0,BE1,GB1,30.0,1978.0,14.0,6.0,0.910010111223458,0.6370070778564206,65.93333333333334,38.0,1692.0,6.0,2.0,0.425531914893617,40.0,0.95,0.4819920768254938,0.4791127195207551,1.888018818103786,0.8881665995410565,1.2196549569662825,361,True,,False,0.1298125458868703,39.897039897039896,24.38867438867439,60.68549980244963,75.1521137890162,13.769261161596209,,38.5,1072864,Tolu Arokodare,Wolverhampton Wanderers,1407,33,6.59,1407.0,0.19,0.35,0.03,10.4,12.0,1.0,1.2,0.4,0.3,2.8,5.3,1.7,1.1,,,,,tolu arokodare,exact_name,
473169,Brian Brobbey,2025-09-01,Ajax,Sunderland,Attack,Centre-Forward,right,181.0,23.581108829568787,20000000.0,22000000.0,22000000,30000000.0,30000000.0,0.9090909090909092,2.4030950626381724,169625000.0,407625000.0,NL1,GB1,38.0,2121.0,6.0,6.0,0.5091937765205092,0.2545968882602546,55.81578947368421,32.0,1968.0,7.0,1.0,0.3658536585365854,38.0,0.8421052631578947,0.5046288705881634,0.4791127195207551,1.009046065729504,0.7636066496054206,1.020579884588221,361,True,,False,0.1298125458868703,29.407979407979408,29.794079794079792,63.676412485183725,61.94192018964836,20.584749111023314,,37.1,940446,Brian Brobbey,Sunderland,1931,31,6.53,1931.0,0.33,0.28,0.03,9.2,15.0,2.0,0.1,0.4,,0.7,3.4,2.1,1.5,,,,,brian brobbey,exact_name,
503883,Senne Lammens,2025-09-01,Royal Antwerp,Man Utd,Goalkeeper,Goalkeeper,right,193.0,23.15400410677618,21000000.0,9000000.0,9000000,35000000.0,35000000.0,2.3333333333333335,6.253596383066173,121650000.0,760750000.0,BE1,GB1,29.0,2597.0,0.0,0.0,0.0,0.0,89.55172413793103,33.0,2970.0,0.0,0.0,0.0,36.0,0.9166666666666666,0.003390256152687,0.0039623389120549,0.0,0.0,0.0697719229727917,361,True,,False,0.1298125458868703,40.8955223880597,37.46268656716418,91.36112208613196,69.9683919399447,9.176214934808376,,52.7,1178602,Senne Lammens,Manchester United,2880,32,7.11,2880.0,,,0.0,17.4,,,,0.0,,0.8,0.8,7.0,,8.0,2.5,66.9,1.2,senne lammens,exact_name,
540664,Dilane Bakwa,2025-09-01,R. Strasbourg,Nott'm Forest,Attack,Right Winger,left,180.0,23.017111567419576,35000000.0,25000000.0,25000000,28000000.0,35000000.0,1.4,1.3319536920400696,416775000.0,555125000.0,FR1,GB1,32.0,2403.0,7.0,10.0,0.6367041198501873,0.2621722846441947,75.09375,24.0,967.0,0.0,2.0,0.1861427094105481,53.0,0.4528301886792453,0.4766053917119471,0.4791127195207551,1.3359146390752568,0.388515482529335,1.094611058730023,361,True,,False,0.1298125458868703,8.172458172458171,6.435006435006435,61.14381667325168,23.058079810351636,2.4693796918214144,,18.3,1079539,Dilane Bakwa,Nottingham Forest,552,14,,552.0,,,,,11.0,2.0,,,,,,,,,,,,dilane bakwa,exact_name,
