club_id,name,domestic_competition_id,club_value_proxy
281,Manchester City,GB1,1407975000.0
583,Paris Saint-Germain,FR1,1407050000.0
11,Arsenal FC,GB1,1320250000.0
418,Real Madrid,ES1,1289525000.0
631,Chelsea FC,GB1,1199925000.0
131,FC Barcelona,ES1,1199075000.0
31,Liverpool FC,GB1,1016150000.0
27,Bayern Munich,L1,1011725000.0
148,Tottenham Hotspur,GB1,767850000.0
985,Manchester United,GB1,760750000.0
762,Newcastle United,GB1,714500000.0
46,Inter Milan,IT1,644410000.0
23826,RB Leipzig,L1,584175000.0
1237,Brighton & Hove Albion,GB1,575300000.0
506,Juventus FC,IT1,566285000.0
989,AFC Bournemouth,GB1,564750000.0
703,Nottingham Forest,GB1,555125000.0
16,Borussia Dortmund,L1,537075000.0
13,Atlético de Madrid,ES1,518700000.0
405,Aston Villa,GB1,515750000.0
12,Associazione Sportiva Roma,IT1,504070000.0
336,Sporting CP,PO1,501750000.0
1148,Brentford FC,GB1,498225000.0
244,Olympique Marseille,FR1,497150000.0
5,AC Milan,IT1,486820000.0
379,West Ham United,GB1,477675000.0
6195,SSC Napoli,IT1,477055000.0
873,Crystal Palace,GB1,463535000.0
29,Everton FC,GB1,463475000.0
15,Bayer 04 Leverkusen,L1,454420000.0
800,Atalanta BC,IT1,444155000.0
720,FC Porto,PO1,435425000.0
79,VfB Stuttgart,L1,431525000.0
24,Eintracht Frankfurt,L1,423435000.0
1047,Como 1907,IT1,423250000.0
667,RC Strasbourg Alsace,FR1,416775000.0
162,AS Monaco,FR1,409095000.0
289,Sunderland AFC,GB1,407625000.0
399,Leeds United,GB1,401300000.0
1050,Villarreal CF,ES1,384900000.0
273,Stade Rennais FC,FR1,362600000.0
931,Fulham FC,GB1,326550000.0
383,PSV Eindhoven,NL1,326150000.0
294,SL Benfica,PO1,323475000.0
533,TSG 1899 Hoffenheim,L1,311525000.0
141,Galatasaray,TR1,304120000.0
1082,LOSC Lille,FR1,297625000.0
398,Società Sportiva Lazio S.p.A.,IT1,290875000.0
2282,Club Brugge KV,BE1,286675000.0
543,Wolverhampton Wanderers,GB1,283925000.0
681,Real Sociedad,ES1,280775000.0
1025,Bologna Football Club 1909,IT1,276070000.0
430,ACF Fiorentina,IT1,269810000.0
150,Real Betis Balompié,ES1,267775000.0
60,SC Freiburg,L1,267200000.0
1132,Burnley FC,GB1,261100000.0
621,Athletic Bilbao,ES1,260575000.0
826,RC Lens,FR1,254550000.0
1041,Olympique Lyon,FR1,249425000.0
234,Feyenoord Rotterdam,NL1,245550000.0
114,Beşiktaş Jimnastik Kulübü,TR1,244965000.0
1023,Sociedade Esportiva Palmeiras,BRA1,240475000.0
660,FC Shakhtar Donetsk,UKR1,231825000.0
6574,US Sassuolo,IT1,221870000.0
940,Celta de Vigo,ES1,213350000.0
410,Udinese Calcio,IT1,212755000.0
12321,Girona FC,ES1,212050000.0
36,Fenerbahce,TR1,210055000.0
1075,SC Braga,PO1,209310000.0
417,OGC Nice,FR1,209225000.0
409,Fußballclub Red Bull Salzburg,A1,203800000.0
1090,AZ Alkmaar,NL1,203300000.0
86,SV Werder Bremen,L1,200125000.0
416,Torino FC,IT1,196195000.0
368,Sevilla FC,ES1,192675000.0
614,Clube de Regatas do Flamengo,BRA1,187950000.0
82,VfL Wolfsburg,L1,186425000.0
964,AO FK Zenit Sankt-Peterburg,RU1,185325000.0
1114,Al-Hilal Saudi Football Club,SA1,181675000.0
18487,Al-Ahli Saudi Football Club,SA1,180650000.0
683,Olympiakos Syndesmos Filathlon Peiraios,GR1,179850000.0
18,Borussia Mönchengladbach,L1,175675000.0
3,1.FC Köln,L1,175350000.0
167,FC Augsburg,L1,174600000.0
609,Cruzeiro Esporte Clube,BRA1,174550000.0
415,FC Toulouse,FR1,173960000.0
1390,Cagliari Calcio,IT1,172345000.0
58,RSC Anderlecht,BE1,170550000.0
449,Trabzonspor,TR1,170385000.0
610,Ajax Amsterdam,NL1,169625000.0
252,Genoa CFC,IT1,169170000.0
130,Parma Calcio 1913,IT1,167285000.0
1158,FC Lorient,FR1,166700000.0
3948,Union Saint-Gilloise,BE1,166550000.0
1184,KRC Genk,BE1,165475000.0
714,RCD Espanyol Barcelona,ES1,165300000.0
39,1.FSV Mainz 05,L1,164375000.0
371,Celtic FC,SC1,161535000.0
180,Southampton FC,GB1,151500000.0
89,1.FC Union Berlin,L1,148060000.0
1005,US Lecce,IT1,146680000.0
199,Sport Club Corinthians Paulista,BRA1,145800000.0
1003,Leicester City,GB1,139875000.0
677,Ipswich Town,GB1,139100000.0
995,FC Nantes,FR1,138050000.0
537,S. A. F. Botafogo,BRA1,136550000.0
124,Rangers FC,SC1,136550000.0
16704,FK Krasnodar,RU1,136550000.0
232,FK Spartak Moskva,RU1,136075000.0
1049,Valencia CF,ES1,136050000.0
41,Hamburger SV,L1,134725000.0
18544,Al-Nassr Football Club,SA1,134550000.0
865,FC Midtjylland,DK1,132735000.0
331,CA Osasuna,ES1,131385000.0
932,"Футбольный клуб ""Локомотив"" Москва",RU1,130950000.0
290,AJ Auxerre,FR1,128850000.0
3368,Levante UD,ES1,128075000.0
121,FK Dinamo Moskva,RU1,126810000.0
1531,Elche CF,ES1,126800000.0
1420,Angers SCO,FR1,123425000.0
10010,Esporte Clube Bahia,BRA1,123400000.0
2410,PFK CSKA Moskva,RU1,121775000.0
10004,Paris FC,FR1,121750000.0
1096,Royal Antwerp FC,BE1,121650000.0
2462,Fluminense Football Club,BRA1,121375000.0
26069,Al-Qadsiah Saudi Football Club,SA1,118575000.0
347,FC Metz,FR1,118200000.0
210,Grêmio Foot-Ball Porto Alegrense,BRA1,117850000.0
221,Santos Futebol Clube,BRA1,117700000.0
3631,CF América,MEX1,117300000.0
209,Club Atlético River Plate,ARG1,116550000.0
978,Club de Regatas Vasco da Gama,BRA1,116425000.0
62,SK Slavia Prague,TS1,115125000.0
3911,Stade Brestois 29,FR1,113700000.0
3329,FC Famalicão,PO1,112825000.0
2420,Vitória Guimarães SC,PO1,111775000.0
8023,Al-Ittihad Football Club,SA1,109900000.0
3709,Getafe CF,ES1,109600000.0
367,Rayo Vallecano,ES1,109350000.0
265,Panathinaikos Athlitikos Omilos,GR1,108975000.0
159,Red Star Belgrade,SER1,105750000.0
276,Hellas Verona,IT1,105565000.0
1091,Panthessalonikios Athlitikos Omilos Konstantinoupoliton,GR1,104725000.0
317,FC Twente Enschede,NL1,103635000.0
200,FC Utrecht,NL1,101685000.0
2441,Athlitiki Enosi Konstantinoupoleos,GR1,101600000.0
189,Club Atlético Boca Juniors,ARG1,101100000.0
338,Dynamo Kyiv,UKR1,99675000.0
8793,Red Bull Bragantino,BRA1,98975000.0
6711,Deportivo Guadalajara,MEX1,98125000.0
1108,Deportivo Alavés,ES1,95050000.0
3711,CD Cruz Azul,MEX1,94500000.0
237,RCD Mallorca,ES1,94300000.0
1804,Deportivo Toluca,MEX1,92800000.0
4172,Pisa Sporting Club,IT1,90600000.0
330,Clube Atlético Mineiro,BRA1,89800000.0
197,AC Sparta Prague,TS1,89650000.0
585,São Paulo Futebol Clube,BRA1,89200000.0
968,KVC Westerlo,BE1,88725000.0
467,NEC Nijmegen,NL1,87485000.0
1467,Göztepe,TR1,86710000.0
419,GNK Dinamo Zagreb,KR1,86350000.0
2239,US Cremonese,IT1,86325000.0
738,Le Havre AC,FR1,85800000.0
7055,Tigres UANL,MEX1,85775000.0
354,KV Mechelen,BE1,84775000.0
157,KAA Gent,BE1,83695000.0
190,FC Copenhagen,DK1,83385000.0
1031,Luton Town,GB1,82800000.0
69261,Club Internacional de Fútbol Miami,MLS1,81800000.0
501,Fotballklubben Bodø/Glimt,NO1,81275000.0
306,SC Heerenveen,NL1,79850000.0
6890,Basaksehir FK,TR1,79705000.0
3057,Standard Liège,BE1,76400000.0
6600,Sport Club Internacional,BRA1,76400000.0
34911,Neom Sports Club,SA1,76350000.0
1465,GD Estoril Praia,PO1,76220000.0
679,Clube Atlético Paranaense,BRA1,76185000.0
2424,Gil Vicente FC,PO1,75775000.0
2778,FC Nordsjaelland,DK1,74900000.0
984,West Bromwich Albion,GB1,73995000.0
2036,1. Fußballclub Heidenheim 1846,L1,73000000.0
2407,CF Monterrey,MEX1,71975000.0
941,FC Viktoria Plzen,TS1,71425000.0
618,AS Saint-Étienne,FR1,70585000.0
2698,FC Rubin Kazan,RU1,70510000.0
1444,Racing Club Asociación Civil de Avellaneda,ARG1,69425000.0
475,Sint-Truidense VV,BE1,69400000.0
126,Caykur Rizespor,TR1,69315000.0
26,FC Basel 1893,C1,68100000.0
4035,CF Pachuca,MEX1,67600000.0
452,BSC Young Boys,C1,67425000.0
520,Cercle Brugge,BE1,67200000.0
206,Bröndby IF,DK1,66300000.0
122,Sportklub Puntigamer Sturm Graz,A1,65575000.0
8024,FC Arouca,PO1,65260000.0
2288,Swansea City,GB1,63975000.0
669,FK Partizan Belgrade,SER1,63775000.0
2425,Rio Ave FC,PO1,63750000.0
238,Lech Poznan,PL1,63550000.0
2423,CD Santa Clara,PO1,61400000.0
979,Moreirense FC,PO1,60625000.0
35,FC St. Pauli,L1,60400000.0
51828,Los Angeles Football Club,MLS1,60250000.0
51772,Football Club Cincinnati,MLS1,60200000.0
7769,CFR Cluj,RO1,60050000.0
2497,Real Oviedo,ES1,58300000.0
10484,Kasimpasa,TR1,57845000.0
1421,Stade Reims,FR1,57200000.0
6321,Vancouver Whitecaps FC,MLS1,56750000.0
11282,Alanyaspor,TR1,56725000.0
40058,New York City Football Club,MLS1,56450000.0
641,Middlesbrough FC,GB1,56275000.0
512,Stoke City,GB1,56250000.0
605,Aris Thessalonikis,GR1,55900000.0
2727,Oud-Heverlee Leuven,BE1,55850000.0
172,Royal Charleroi Sporting Club,BE1,55675000.0
370,Aberdeen FC,SC1,55600000.0
152,Samsunspor,TR1,55450000.0
468,Sparta Rotterdam,NL1,54735000.0
1775,Club Atlético San Lorenzo de Almagro,ARG1,54335000.0
202,FC Groningen,NL1,54025000.0
1083,FK Rostov,RU1,53760000.0
43,Heart of Midlothian FC,SC1,53125000.0
1418,Club Atlético Rosario Central,ARG1,53075000.0
350,Sheffield United,GB1,52725000.0
6643,Real Salt Lake,MLS1,52325000.0
1146,Club Necaxa,MEX1,51900000.0
51663,Atlanta United Football Club,MLS1,51800000.0
903,Hibernian FC,SC1,51625000.0
413,LASK,A1,50850000.0
1061,Los Angeles Galaxy,MLS1,50800000.0
2293,Konyaspor,TR1,50785000.0
2696,PFK Krylya Sovetov Samara,RU1,50610000.0
114977,San Diego Football Club,MLS1,50500000.0
4291,Portland Timbers,MLS1,50200000.0
987,Motherwell FC,SC1,49885000.0
678,Aarhus GF,DK1,49750000.0
749,FC Empoli,IT1,49060000.0
45604,Orlando City Soccer Club,MLS1,48825000.0
969,Montpellier HSC,FR1,48775000.0
2521,FC Alverca,PO1,48700000.0
432,Chicago Fire Soccer Club,MLS1,48650000.0
288,Club Estudiantes de La Plata,ARG1,48625000.0
1435,Go Ahead Eagles,NL1,48600000.0
2832,Gaziantep FK,TR1,48470000.0
2125,Esporte Clube Vitória,BRA1,48325000.0
813,Columbus Crew,MLS1,47825000.0
9636,Seattle Sounders FC,MLS1,47825000.0
1123,Norwich City,GB1,47500000.0
447,HNK Hajduk Split,KR1,47500000.0
13353,Club Tijuana,MEX1,47025000.0
63966,Nashville SC,MLS1,46150000.0
1247,Colorado Rapids,MLS1,46150000.0
589,Antalyaspor,TR1,45940000.0
9840,Al-Shabab Club,SA1,45850000.0
7633,UNAM Pumas,MEX1,45675000.0
982,CD Nacional,PO1,45635000.0
11141,Toronto FC,MLS1,45500000.0
1010,Watford FC,GB1,45325000.0
239,Viking Fotballklubb,NO1,45250000.0
472,UD Las Palmas,ES1,45150000.0
366,Real Valladolid CF,ES1,45075000.0
1063,Viborg FF,DK1,44675000.0
72309,Austin FC,MLS1,44350000.0
3205,Kayserispor,TR1,44190000.0
3725,RFK Akhmat Grozny,RU1,44010000.0
8816,FC Dallas,MLS1,43900000.0
3508,Zulte Waregem,BE1,43695000.0
9644,Raków Częstochowa,PL1,43500000.0
623,Red Bull New York,MLS1,43400000.0
170,Rapid Vienna,A1,43100000.0
776,Coritiba Foot Ball Club,BRA1,42525000.0
1403,Santos Laguna,MEX1,42050000.0
1269,PEC Zwolle,NL1,41825000.0
6646,Fatih Karagümrük,TR1,41710000.0
1030,Asociación Atlética Argentinos Juniors,ARG1,41700000.0
78435,Charlotte Football Club,MLS1,41650000.0
653,Omilos Filathlon Irakliou FC,GR1,41425000.0
3938,Club Atlético Talleres,ARG1,41400000.0
49283,FC Juárez,MEX1,41325000.0
2741,FK Baltika,RU1,41075000.0
2919,AC Monza,IT1,40975000.0
2790,FC Lugano,C1,40825000.0
257,FC St. Gallen 1879,C1,40760000.0
56089,Minnesota United FC,MLS1,40650000.0
434,FC Luzern,C1,40400000.0
607,Venezia FC,IT1,40235000.0
12179,Club Sportivo Independiente Rivadavia,ARG1,40225000.0
2431,CF Estrela Amadora,PO1,40110000.0
3302,UD Almería,ES1,40100000.0
41231,FK Sochi,RU1,39850000.0
5724,Randers FC,DK1,39775000.0
511,Dundee FC,SC1,39625000.0
1029,Club Atlético Vélez Sársfield,ARG1,39425000.0
1234,Club Atlético Independiente de Avellaneda,ARG1,39275000.0
3060,APS Atromitos Athinon,GR1,38760000.0
385,Fortuna Sittardia Combinatie,NL1,38700000.0
255,Legia Warszawa,PL1,38675000.0
2300,Jagiellonia Bialystok,PL1,38650000.0
16795,Granada CF,ES1,38475000.0
144,HNK Rijeka,KR1,38425000.0
333,Club Atlético Lanús,ARG1,38175000.0
626,New England Revolution,MLS1,38150000.0
49702,FK Nizhny Novgorod,RU1,38125000.0
2672,APO Levadiakos Football Club,GR1,37960000.0
40188,Atlético de San Luis,MEX1,37875000.0
4284,Sporting Kansas City,MLS1,37800000.0
1038,UC Sampdoria,IT1,37770000.0
4078,Club de Foot Montréal,MLS1,37650000.0
14589,FC Orenburg,RU1,37375000.0
40812,Universitatea Craiova,RO1,37200000.0
25467,Philadelphia Union,MLS1,37075000.0
3876,Mirasol Futebol Clube,BRA1,37075000.0
2553,Kilmarnock FC,SC1,36850000.0
820,Gençlerbirliği Spor Kulübü,TR1,36655000.0
7179,CD Tondela,PO1,36550000.0
11831,Club Atlético Tigre,ARG1,36175000.0
2687,Cádiz CF,ES1,35650000.0
301,FCSB,RO1,35625000.0
28844,Al-Taawoun Football Club,SA1,35450000.0
1304,Heracles Almelo,NL1,34610000.0
105,SV Darmstadt 98,L1,34575000.0
527,Football Club Lausanne-Sport,C1,34575000.0
88,Widzew Lodz,PL1,34050000.0
6676,A.G.S Asteras Tripolis,GR1,33910000.0
4941,Club León FC,MEX1,33825000.0
6418,Panetolikos Agrinio,GR1,33525000.0
455,FC Rapid 1923,RO1,33500000.0
1293,Tromsø Idrettslag,NO1,33400000.0
2311,"SK Sigma Olomouc, a.s.",TS1,33350000.0
9168,Houston Dynamo,MLS1,33250000.0
1177,Silkeborg IF,DK1,33250000.0
2759,Ross County FC,SC1,33025000.0
60949,Volou Neos Podosferikos Syllogos,GR1,32650000.0
85465,Karpaty Lviv,UKR1,32550000.0
173,Odense Boldklub,DK1,32550000.0
1286,Club Atlético Newell’s Old Boys,ARG1,32400000.0
5662,Puebla FC,MEX1,32325000.0
14,Austria Vienna,A1,32125000.0
7160,Eyüpspor,TR1,31900000.0
496,Malmö Fotbollförening,SE1,31850000.0
687,Molde Fotballklubb,NO1,31850000.0
5689,Cracovia,PL1,31825000.0
5817,Sönderjyske Fodbold,DK1,31675000.0
1519,Dundee United FC,SC1,31550000.0
7732,Al-Ettifaq Football Club,SA1,31350000.0
3268,Casa Pia AC,PO1,31275000.0
2440,D.C. United,MLS1,31200000.0
63007,LNZ Cherkasy,UKR1,31100000.0
4603,Athlitiki Enosi Larisas,GR1,31050000.0
40,FC Girondins Bordeaux,FR1,31000000.0
3008,Hull City,GB1,30925000.0
82686,St. Louis City Soccer Club,MLS1,30850000.0
71985,Akron Togliatti,RU1,30750000.0
2381,Sivasspor,TR1,30545000.0
8970,Frosinone Calcio,IT1,30535000.0
27221,Al-Fateh Club,SA1,30450000.0
8590,Atlas Guadalajara,MEX1,30350000.0
1301,CS Marítimo,PO1,30200000.0
53646,FK Polissya Zhytomyr,UKR1,30125000.0
38,Fortuna Düsseldorf,L1,30050000.0
938,FC Thun,C1,29825000.0
2578,St. Johnstone FC,SC1,29800000.0
132,NAC Breda,NL1,29600000.0
53,OFK Beograd,SER1,29575000.0
697,FC Slovan Liberec,TS1,29375000.0
55686,TOV FK Metalist 1925 Kharkiv,UKR1,29150000.0
377,FC Baník Ostrava a.s.,TS1,29100000.0
465,St. Mirren FC,SC1,29060000.0
448,FK Vojvodina Novi Sad,SER1,28775000.0
120,Kocaelispor,TR1,28700000.0
4961,Querétaro FC,MEX1,28650000.0
7097,Club Atlético Unión,ARG1,28575000.0
11127,Ural Yekaterinburg,RU1,28550000.0
928,Club Atlético Platense,ARG1,28300000.0
1100,Sportsklubben Brann,NO1,28275000.0
1039,Queens Park Rangers,GB1,28275000.0
1059,Hammarby IF,SE1,28025000.0
218,San Jose Earthquakes,MLS1,28025000.0
3592,Kryvbas Kryvyi Rig,UKR1,27950000.0
1244,CD Leganés,ES1,27760000.0
2417,Club Atlético Belgrano,ARG1,27500000.0
1095,ESTAC Troyes,FR1,26960000.0
321,FC Sion,C1,26950000.0
1053,Aalborg BK,DK1,26925000.0
428,Górnik Zabrze,PL1,26900000.0
1106,Club de Gimnasia y Esgrima La Plata,ARG1,26475000.0
9010,FCV Dender EH,BE1,26325000.0
10997,Clube do Remo,BRA1,26175000.0
4000,Lechia Gdansk,PL1,26100000.0
798,Excelsior Rotterdam,NL1,25900000.0
7378,Portimonense SC,PO1,25435000.0
601,KV Kortrijk,BE1,25035000.0
504,Grasshopper Club Zurich,C1,24900000.0
4441,Wolfsberger AC,A1,24825000.0
403,Willem II Tilburg,NL1,24775000.0
10690,Zorya Lugansk,UKR1,24485000.0
260,FC Zürich,C1,24400000.0
272,Allmänna Idrottsklubben,SE1,24250000.0
80,VfL Bochum,L1,24150000.0
2402,Club Social y Deportivo Defensa y Justicia,ARG1,23800000.0
7775,Hatayspor,TR1,23685000.0
91427,Al-Kholood Club,SA1,23475000.0
195,Rosenborg Ballklub,NO1,23450000.0
8172,Atlético Nacional,COL1,23025000.0
1245,KAS Eupen,BE1,22985000.0
44,Hertha BSC,L1,22885000.0
1044,Djurgårdens Idrottsförening,SE1,22875000.0
1829,Instituto Atlético Central Córdoba,ARG1,22875000.0
2503,Boavista FC,PO1,22870000.0
75231,Dinamo Makhachkala,RU1,22675000.0
32113,FK IMT Belgrad,SER1,22625000.0
2719,Mjällby Almänna Idrottsförening,SE1,22400000.0
33,FC Schalke 04,L1,22000000.0
2995,FC Paços de Ferreira,PO1,21825000.0
269,Holstein Kiel,L1,21575000.0
50531,Al-Fayha FC,SA1,21435000.0
2241,Kashima Antlers FC,JAP1,21425000.0
312,FC Dinamo 1948,RO1,21300000.0
1241,Livingston FC,SC1,21250000.0
82696,Mazatlán FC,MEX1,21225000.0
499,Vitesse Arnhem,NL1,21125000.0
59358,FK Zeleznicar Pancevo,SER1,21075000.0
110302,Avs Futebol,PO1,21050000.0
235,RKC Waalwijk,NL1,21025000.0
3999,PAS Lamia 1964,GR1,20885000.0
48332,Kolos Kovalivka,UKR1,20825000.0
443,Vejle Boldklub,DK1,20735000.0
6621,FK Cukaricki,SER1,20700000.0
3137,FK TSC Backa Topola,SER1,20625000.0
50532,Damac Football Club,SA1,20600000.0
868,MKE Ankaragücü,TR1,20485000.0
1124,Fakel Voronezh,RU1,20475000.0
2063,Club Atlético Huracán,ARG1,20375000.0
6429,FC Universitatea Cluj,RO1,20250000.0
18303,FC Oleksandriya,UKR1,19995000.0
6992,Chornomorets Odesa,UKR1,19920000.0
2861,KV Oostende,BE1,19750000.0
168,Zaglebie Lubin,PL1,19750000.0
603,Cardiff City,GB1,19560000.0
1101,Idrottsföreningen Elfsborg,SE1,19550000.0
999,NK Istra 1961,KR1,19410000.0
28643,SK Beveren,BE1,19370000.0
3901,RAAL La Louvière,BE1,19350000.0
1085,Vitória Setúbal FC,PO1,19325000.0
2697,Sanfrecce Hiroshima,JAP1,19275000.0
801,Idrottsföreningen Kamraterna Göteborg,SE1,19200000.0
61,Servette FC,C1,19175000.0
17776,Associação Chapecoense de Futebol,BRA1,18975000.0
3527,Motor Lublin Spółka Akcyjna,PL1,18950000.0
441,Apollon Smyrnis,GR1,18900000.0
2118,Wisla Plock,PL1,18825000.0
31008,Al-Riyadh Saudi Club,SA1,18675000.0
3524,Clermont Foot 63,FR1,18625000.0
30120,Athlitiki Enosi Kifisias,GR1,18425000.0
1109,BK Häcken,SE1,18400000.0
3325,GD Chaves,PO1,18300000.0
10217,Sarpsborg 08 Fotballforening,NO1,18250000.0
9598,Kawasaki Frontale,JAP1,18225000.0
724,FC Volendam,NL1,18000000.0
6632,Hitachi Kashiwa Reysol,JAP1,17850000.0
380,US Salernitana 1919,IT1,17660000.0
369,Lyngby Boldklub,DK1,17485000.0
71665,Al-Okhdood Club,SA1,17450000.0
4294,SC Farense,PO1,17400000.0
2999,Hamilton Academical FC,SC1,17350000.0
2352,CD América de Cali,COL1,17300000.0
19789,Yeni Malatyaspor,TR1,17205000.0
7945,IK Sirius,SE1,17100000.0
3385,Panserraikos Serres,GR1,17100000.0
324,Pogon Szczecin,PL1,17075000.0
3522,Spezia Calcio,IT1,17035000.0
1147,AC Ajaccio,FR1,17000000.0
23568,Zelvia,JAP1,16925000.0
596,Gamba Osaka,JAP1,16475000.0
3837,Fredrikstad Fotballklubb,NO1,16400000.0
1533,SD Eibar,ES1,16350000.0
6631,Tokyo Football Club,JAP1,16350000.0
26459,NK Veres Rivne,UKR1,16275000.0
828,Urawa Red Diamonds,JAP1,16125000.0
54189,RWD Molenbeek,BE1,16125000.0
1022,Cerezo Osaka,JAP1,16075000.0
1283,FC Emmen,NL1,16000000.0
11854,Junior FC,COL1,15975000.0
128,AO Xanthi,GR1,15975000.0
76,Vålerengens Idrettsforening,NO1,15925000.0
29228,Royal Excel Mouscron (-2022),BE1,15925000.0
3958,Rakuten Vissel Kobe,JAP1,15875000.0
1066,Nagoya Grampus Eight,JAP1,15750000.0
8054,Sydney FC,AUS1,15750000.0
1062,S-Pulse,JAP1,15700000.0
7154,Radomiak Radom,PL1,15575000.0
32328,Al-Najma Sport Club,SA1,15550000.0
952,UTA Arad,RO1,15475000.0
42,Hannover 96,L1,15350000.0
6110,Korona Kielce,PL1,15250000.0
327,NK Osijek,KR1,15175000.0
1897,FC Hradec Kralove,TS1,15100000.0
3828,Yokohama Marinos,JAP1,15075000.0
6502,Jeonbuk Hyundai Motors,RSK1,15075000.0
3535,Ulsan Hyundai Football Club,RSK1,15050000.0
2671,PAS Giannina,GR1,15010000.0
1268,ADO Den Haag,NL1,15000000.0
2740,Vorskla Poltava,UKR1,14960000.0
5546,FK Mlada Boleslav,TS1,14925000.0
13726,MFK Karvina,TS1,14910000.0
830,Club Atlético Banfield,ARG1,14900000.0
65,SpVgg Greuther Fürth,L1,14875000.0
25184,Club Atlético Barracas Central,ARG1,14850000.0
353,Lillestrøm Sportsklubb,NO1,14700000.0
593,Kyoto Purple Sanga,JAP1,14650000.0
10503,Deportes Tolima,COL1,14600000.0
2969,Dijon FCO,FR1,14550000.0
855,EA Guingamp,FR1,14510000.0
4633,FK Novi Pazar,SER1,14400000.0
599,NK Varazdin,KR1,14400000.0
24575,HNK Gorica,KR1,14400000.0
672,JEF United,JAP1,14350000.0
19,Brescia Calcio,IT1,13950000.0
595,SC Bastia,FR1,13925000.0
192,Roda JC Kerkrade,NL1,13925000.0
4467,TSV Hartberg,A1,13850000.0
33328,FK Radnik Surdulica,SER1,13850000.0
1322,FK Jablonec,TS1,13700000.0
9961,Deportivo Cali,COL1,13600000.0
23581,V-Varen Nagasaki,JAP1,13600000.0
5619,Aalesunds Fotballklubb,NO1,13500000.0
1496,FK Pardubice,TS1,13485000.0
862,Chievo Verona,IT1,13440000.0
71085,Macarthur FC,AUS1,13325000.0
458,Palermo FC,IT1,13250000.0
3719,FC Khimki (-2025),RU1,13230000.0
118373,Auckland FC,AUS1,13225000.0
12454,Club Atlético Sarmiento,ARG1,13150000.0
7009,Göteborgs Atlet- och Idrottssällskap,SE1,13075000.0
21101,Kristiansund Ballklubb,NO1,13050000.0
3729,Arsenal Tula,RU1,13010000.0
6070,Al-Khaleej Club (Saihat),SA1,13000000.0
2350,Millonarios FC,COL1,12975000.0
6499,Foundation Coorperation Hana Financial Group Inc. Football Club,RSK1,12975000.0
924,Istanbulspor,TR1,12950000.0
6399,Sandefjord Fotball,NO1,12850000.0
169,Panionios Athens,GR1,12800000.0
1416,Amiens SC,FR1,12750000.0
1426,VVV-Venlo,NL1,12750000.0
2457,B SAD,PO1,12700000.0
2362,Slaven Belupo Koprivnica,KR1,12650000.0
1162,SM Caen,FR1,12600000.0
1434,SC Telstar,NL1,12600000.0
39722,Erzurumspor FK,TR1,12585000.0
15276,FK Spartak Subotica,SER1,12550000.0
2157,FC Blau-Weiss Linz,A1,12525000.0
44006,Bodrum FK,TR1,12525000.0
1160,Nîmes Olympique,FR1,12500000.0
14554,Club Atlético Tucumán,ARG1,12460000.0
41274,Beerschot VA,BE1,12425000.0
2079,Veria NPS,GR1,12400000.0
14687,Club Atlético Gimnasia y Esgrima de Mendoza,ARG1,12375000.0
3840,Adana Demirspor,TR1,12360000.0
9597,Avispa Fukuoka,JAP1,12350000.0
450,FK Dukla Prague,TS1,12325000.0
6112,Piast Gliwice,PL1,12325000.0
6495,Atlético Bucaramanga,COL1,12300000.0
266,SV Ried,A1,12235000.0
788,FK Napredak Krusevac,SER1,12200000.0
11648,Independiente Santa Fe,COL1,12200000.0
17425,Internacional de Bogotá,COL1,12150000.0
4309,Hamarkameratene,NO1,12150000.0
133,SC Cambuur Leeuwarden,NL1,12125000.0
5219,AOK Kerkyra,GR1,12125000.0
8818,FC Botosani,RO1,12085000.0
2414,AC Horsens,DK1,11975000.0
2446,WSG Tirol,A1,11950000.0
1110,Huddersfield Town,GB1,11950000.0
21975,Football Club Mito HollyHock,JAP1,11925000.0
48726,Rukh Lviv,UKR1,11875000.0
21459,Gangwon Football Club,RSK1,11775000.0
6500,Football Club Seoul,RSK1,11725000.0
875,Adelaide United,AUS1,11725000.0
4171,Benevento Calcio,IT1,11670000.0
41278,ACSC FC Arges,RO1,11550000.0
10,Arminia Bielefeld,L1,11500000.0
316,Grazer AK 1902,A1,11475000.0
9465,Petrolul Ploiesti,RO1,11475000.0
4,1.FC Nuremberg,L1,11200000.0
22171,Fagiano Okayama Sports Club,JAP1,11125000.0
36100,Western Sydney Wanderers,AUS1,11000000.0
4083,FC Crotone,IT1,10970000.0
2722,SPAL,IT1,10970000.0
6505,Gimcheon Sangmu Football Club,RSK1,10950000.0
8445,Wellington Phoenix,AUS1,10950000.0
6912,FC Vizela,PO1,10925000.0
5358,SD Huesca,ES1,10900000.0
5776,FC Fredericia,DK1,10850000.0
6414,Metalist Kharkiv (- 2016),UKR1,10850000.0
1186,Torpedo Moscow,RU1,10775000.0
11194,NK Lokomotiva Zagreb,KR1,10725000.0
897,Deportivo de La Coruña,ES1,10725000.0
2700,Anzhi Makhachkala ( -2022),RU1,10700000.0
25580,Melbourne City FC,AUS1,10675000.0
21957,AO Platanias,GR1,10645000.0
7006,Melbourne Victory,AUS1,10550000.0
18105,PFK Lviv,UKR1,10535000.0
8819,FK Javor-Matis Ivanjica,SER1,10525000.0
204,Lierse SK (- 2018),BE1,10500000.0
9131,Al-Hazem Sport Club,SA1,10450000.0
10093,Independiente Medellín,COL1,10450000.0
29831,FCV Farul Constanta,RO1,10375000.0
19771,Akhisarspor,TR1,10350000.0
7567,FK Radnicki Nis,SER1,10300000.0
31284,Club Atlético Central Córdoba,ARG1,10225000.0
1092,Idrottsföreningen  Brommapojkarna,SE1,10125000.0
39097,Obolon Kyiv,UKR1,10100000.0
19775,Asociación de Fomento Deportivo Riestra Barrio Colón,ARG1,10000000.0
6984,Once Caldas,COL1,9975000.0
3551,Sportclub Rheindorf Altach,A1,9950000.0
3336,Desportivo Aves (- 2020),PO1,9850000.0
61825,FC Minaj,UKR1,9820000.0
6456,GKS GieKSa Katowice Spółka Akcyjna,PL1,9650000.0
28095,FK Ufa,RU1,9625000.0
242,FC Winterthur,C1,9550000.0
970,Perth Glory,AUS1,9500000.0
3734,Tokyo Verdy,JAP1,9425000.0
4645,FK Radnicki 1923 Kragujevac,SER1,9325000.0
11688,Giresunspor,TR1,9325000.0
20,Bursaspor,TR1,9250000.0
68608,CF Os Belenenses,PO1,9235000.0
723,Almere City FC,NL1,9225000.0
3654,Kalmar Fotbollförening,SE1,9150000.0
4959,SC Otelul Galati,RO1,8975000.0
5202,Västerås Sportklubb FK,SE1,8860000.0
6622,FK Mladost Lucani,SER1,8850000.0
38898,Football Club Anyang,RSK1,8775000.0
2990,Académica Coimbra,PO1,8750000.0
267,Idrettsklubben Start,NO1,8725000.0
58049,FC Hermannstadt,RO1,8700000.0
1191,Falkirk FC,SC1,8650000.0
4128,Amkar Perm,RU1,8575000.0
311,Football Club Pohang Steelers,RSK1,8450000.0
23184,KFUM-Kameratene Oslo,NO1,8400000.0
5551,Newcastle United Jets,AUS1,8400000.0
814,FK Teplice,TS1,8400000.0
19684,Jeju SK Football Club,RSK1,8400000.0
6996,Goverla Uzhgorod (- 2016),UKR1,8360000.0
498,KSC Lokeren (- 2020),BE1,8225000.0
524,Gaziantepspor (- 2020),TR1,8200000.0
5818,Hobro IK,DK1,8150000.0
6993,FK Mariupol,UKR1,8140000.0
7831,Brisbane Roar,AUS1,8100000.0
3426,Esbjerg fB,DK1,8100000.0
1084,Málaga CF,ES1,8060000.0
6107,Morski Związkowy Klub Sportowy Arka Gdynia Spółka Akcyjna,PL1,8025000.0
14171,Thonon Évian Grand Genève FC,FR1,8000000.0
37255,FK Csikszereda Miercurea Ciuc,RO1,7970000.0
2760,Partick Thistle FC,SC1,7960000.0
12301,Club Atlético Aldosivi,ARG1,7950000.0
7185,Panthrakikos Komotini,GR1,7910000.0
87883,FC Kudrivka,UKR1,7875000.0
3641,Degerfors IF,SE1,7800000.0
715,"Bohemians Praha 1905, a.s.",TS1,7760000.0
127,SC Paderborn 07,L1,7675000.0
2996,Incheon United Football Club,RSK1,7600000.0
49364,Ingulets Petrove,UKR1,7550000.0
6954,Central Coast Mariners,AUS1,7500000.0
84122,Epicentr Kamyanets-Podilskyi,UKR1,7410000.0
28956,AEL Kalloni,GR1,7385000.0
41201,PFK Tambov (-2021),RU1,7375000.0
1011,Halmstads BK,SE1,7375000.0
60551,SC Dnipro-1,UKR1,7360000.0
23611,Olimpik Donetsk,UKR1,7335000.0
2477,Karpaty Lviv (-2021),UKR1,7285000.0
456,HNK Vukovar 1991,KR1,7275000.0
2921,Delfino Pescara 1936,IT1,7210000.0
39536,Al-Orobah FC,SA1,7200000.0
35759,Bucheon Football Club 1995,RSK1,7200000.0
642,De Graafschap Doetinchem,NL1,7175000.0
5544,1.FC Slovacko,TS1,7155000.0
14602,Asociación Atlética Estudiantes,ARG1,7125000.0
10090,Asociación Deportivo Pasto,COL1,7100000.0
32041,Fortaleza CEIF,COL1,7075000.0
6994,Metalurg Zaporizhya (-2016),UKR1,6975000.0
4750,SC Olhanense,PO1,6950000.0
750,FC Sochaux-Montbéliard,FR1,6800000.0
29700,AFC Unirea 04 Slobozia,RO1,6795000.0
3216,Mersin Talimyurdu SK,TR1,6625000.0
1159,AS Nancy-Lorraine,FR1,6600000.0
2439,Kuban Krasnodar (-2018),RU1,6550000.0
1118,Örgryte IS,SE1,6500000.0
22381,Al-Raed SFC,SA1,6500000.0
7136,Envigado FC,COL1,6475000.0
3062,Athens Kallithea,GR1,6435000.0
2715,RFC Seraing,BE1,6325000.0
9007,Arsenal Kyiv,UKR1,6200000.0
30925,Gwangju Football Club,RSK1,6125000.0
5220,GS Ergotelis,GR1,6100000.0
553,Ionikos Nikeas,GR1,6100000.0
3209,Pendikspor,TR1,5975000.0
3349,CD Feirense,PO1,5925000.0
15906,Termalica Bruk-Bet Nieciecza Klub Sportowy,PL1,5850000.0
2451,Inverness Caledonian Thistle FC,SC1,5825000.0
5545,FC Zlin,TS1,5685000.0
1411,RAEC Mons (- 2015),BE1,5625000.0
20590,Rionegro Águilas,COL1,5575000.0
11380,ASFC Buzau (2016-2025),RO1,5525000.0
10492,Esporte Clube Juventude,BRA1,5500000.0
10870,Fortaleza Esporte Clube,BRA1,5450000.0
4795,FC Ingolstadt 04,L1,5425000.0
1894,Hvidovre IF,DK1,5425000.0
24245,Ümraniyespor,TR1,5385000.0
2375,Altay SK,TR1,5275000.0
23,Eintracht Braunschweig,L1,5250000.0
3691,Tom Tomsk,RU1,5235000.0
22902,Alianza FC,COL1,5225000.0
81401,SC Poltava,UKR1,5200000.0
8718,Sport Club do Recife,BRA1,5200000.0
825,Eskisehirspor,TR1,5200000.0
1506,Kardemir Karabükspor,TR1,5190000.0
3609,Rotor Volgograd,RU1,5050000.0
2292,Elazigspor,TR1,5000000.0
4482,Volyn Lutsk,UKR1,4975000.0
11126,Mordovia Saransk (-2020),RU1,4900000.0
37624,FC Metaloglobus Bucharest,RO1,4885000.0
16247,PFK Stal Kamyanske (-2018),UKR1,4880000.0
12438,Volga Nizhniy Novgorod (- 2016),RU1,4725000.0
9811,Deportivo Pereira,COL1,4700000.0
993,Córdoba CF,ES1,4600000.0
2029,Ceará Sporting Club,BRA1,4600000.0
1032,Reading FC,GB1,4575000.0
1627,Catania FC,IT1,4555000.0
38628,Llaneros FC,COL1,4525000.0
833,Denizlispor,TR1,4445000.0
322,Yverdon Sport FC,C1,4400000.0
3714,Enisey Krasnoyarsk,RU1,4395000.0
16239,Desna Chernigiv,UKR1,4385000.0
8838,Zirka Kropyvnytskyi,UKR1,4325000.0
1210,US Livorno 1915,IT1,4310000.0
3558,GFC Ajaccio,FR1,4150000.0
1429,Cesena FC,IT1,4110000.0
19657,Vendsyssel FF,DK1,4075000.0
1071,Wigan Athletic,GB1,3950000.0
14649,Boyacá Chicó FC,COL1,3950000.0
86209,Livyi Bereg Kyiv,UKR1,3850000.0
33966,ACSM Politehnica Iasi,RO1,3700000.0
2448,Sporting Gijón,ES1,3650000.0
6894,Kayseri Erciyesspor,TR1,3645000.0
22110,FC Helsingör,DK1,3575000.0
339,Dnipro Dnipropetrovsk (-2020),UKR1,3475000.0
142,Real Zaragoza,ES1,3450000.0
2783,Metalurg Donetsk (- 2015),UKR1,3375000.0
16245,FK Sevastopol (- 2014),UKR1,3335000.0
2227,SK Tavriya Simferopol ( - 2022),UKR1,3335000.0
2703,Spartak Vladikavkaz (-2020),RU1,3225000.0
2944,Ankaraspor,TR1,3140000.0
47,Iraklis Thessaloniki,GR1,3135000.0
14680,Unión Magdalena,COL1,3085000.0
3622,IFK Värnamo,SE1,3050000.0
8344,Albirex Niigata,JAP1,3025000.0
83678,Metalist Kharkiv,UKR1,2980000.0
1436,SC Beira-Mar,PO1,2900000.0
1387,Siena FC,IT1,2745000.0
3690,SKA Khabarovsk,RU1,2735000.0
22431,Stal Mielec,PL1,2550000.0
566,Beerschot AC,BE1,2500000.0
2844,IFK Norrköping,SE1,2500000.0
2323,Orduspor,TR1,2475000.0
976,CF União Madeira (-2021),PO1,2475000.0
6,Adanaspor,TR1,2445000.0
20100,FC Vestsjaelland,DK1,2400000.0
17209,Al-Wehda FC,SA1,2350000.0
1455,FC Dordrecht,NL1,2300000.0
20887,FK Jedinstvo Ub,SER1,2225000.0
40426,FC Tosno (-2018),RU1,1950000.0
28760,SK Austria Klagenfurt,A1,1925000.0
1423,Valenciennes FC,FR1,1825000.0
6504,Daegu FC,RSK1,1750000.0
1236,Östers IF,SE1,1350000.0
759,Slask Wroclaw,PL1,1300000.0
20698,Balikesirspor,TR1,1275000.0
10511,CA San Martín (San Juan),ARG1,1200000.0
4102,AC Carpi,IT1,1160000.0
1057,Bryne FK,NO1,1125000.0
31622,Suwon FC,RSK1,1000000.0
8457,Shonan Bellmare,JAP1,1000000.0
2817,Strømsgodset IF,NO1,1000000.0
1321,SK Dynamo Ceske Budejovice,TS1,700000.0
54585,Sepsi OSK Sf. Gheorghe,RO1,600000.0
12574,CD Godoy Cruz Antonio Tomba,ARG1,500000.0
943,Yokohama FC,JAP1,450000.0
2761,FK Haugesund,NO1,450000.0
36922,FK Tekstilac Odzaci,SER1,350000.0
71084,Western United FC,AUS1,250000.0
