competition_id,name,country_name
A1,Bundesliga,Austria
AFAC,Afc Asian Cup,
AFCN,Africa Cup Of Nations,
ARG1,Torneo Apertura,Argentina
AUS1,A League Men,Australia
BE1,Jupiler Pro League,Belgium
BESC,Volkswagen Supercup,Belgium
BPO4,Jupiler Pro League Relegation Play Offs,Belgium
BRA1,Campeonato Brasileiro Serie A,Brazil
C1,Super League,Switzerland
CDR,Copa Del Rey,Spain
CIT,Italy Cup,Italy
CL,Uefa Champions League,
CLQ,Uefa Champions League Qualifying,
COPA,Copa America,
DFB,Dfb Pokal,Germany
DFL,Franz Beckenbauer Supercup,Germany
DK1,Superliga,Denmark
DKP,Oddset Pokalen,Denmark
ECLQ,Uefa Conference League Qualifying,
EJPL,Jupiler Pro League Playoff I,Belgium
EL,Uefa Europa League,
ELQ,Uefa Europa League Qualifying,
ES1,Laliga,Spain
EURO,Uefa Euro,
FAC,Fa Cup,England
FIWC,World Cup,
FR1,Ligue 1,France
FRCH,Trophee Des Champions,France
GB1,Premier League,England
GBCS,Community Shield,England
GR1,Super League 1,Greece
GRP,Kypello Elladas,Greece
IT1,Serie A,Italy
JAP1,J1 League,Japan
KR1,Supersport Hnl,Croatia
L1,Bundesliga,Germany
MEX1,Liga Mx Clausura,Mexico
MLS1,Major League Soccer,United States
NL1,Eredivisie,Netherlands
NLP,Knvb Beker,Netherlands
NLSC,Johan Cruijff Schaal,Netherlands
NO1,Eliteserien,Norway
PL1,Pko Bp Ekstraklasa,Poland
PO1,Liga Portugal,Portugal
POBE,Jupiler Pro League Europe Play Offs,Belgium
POSU,Supercup Candido De Oliveira,Portugal
RO1,Superliga,Romania
RSK1,K League 1,"Korea, South"
RU1,Premier Liga,Russia
RUP,Russian Cup,Russia
RUSS,Russian Super Cup,Russia
SA1,Saudi Pro League,Saudi Arabia
SC1,Scottish Premiership,Scotland
SCI,Supercoppa Italiana,Italy
SE1,Allsvenskan,Sweden
SER1,Super Liga Srbije,Serbia
SFA,Scottish Fa Cup,Scotland
SUC,Supercopa,Spain
TR1,Super Lig,Türkiye
TS1,Chance Liga,Czech Republic
UCOL,Uefa Conference League,
UKR1,Premier Liga,Ukraine
UKRP,Ukrainian Cup,Ukraine
USC,Uefa Super Cup,
