competition_id,position,ga_p90_baseline
AFCN,Attack,0.5057067603160668
AFCN,Defender,0.09928007431490943
AFCN,Midfield,0.13447432762836187
BE1,Attack,0.4819920768254938
BE1,Defender,0.09880582176340705
BE1,Goalkeeper,0.003390256152687092
BE1,Midfield,0.2515480818773713
BESC,Attack,0.4034582132564842
BESC,Defender,0.1206299564391824
BESC,Midfield,0.21342985521717425
BPO4,Attack,0.5871886120996441
BPO4,Defender,0.11473494103898864
BPO4,Midfield,0.3155237694572991
CDR,Attack,0.6297708156493557
CDR,Defender,0.12488050928468282
CDR,Goalkeeper,0.00244405822289811
CDR,Midfield,0.2602177784471989
CGB,Attack,0.4797824986006344
CGB,Defender,0.13482641099584286
CGB,Goalkeeper,0.0
CGB,Midfield,0.3698875312106415
CIT,Attack,0.6096779315170796
CIT,Defender,0.10501994680851064
CIT,Goalkeeper,0.00120889748549323
CIT,Midfield,0.25935382461847656
CL,Attack,0.5839850164659098
CL,Defender,0.11865538238977277
CL,Goalkeeper,0.004958581262396454
CL,Midfield,0.2494475186444236
CLQ,Attack,0.5305082045563168
CLQ,Defender,0.12991043883103043
CLQ,Goalkeeper,0.0040902273863447
CLQ,Midfield,0.2718118058019267
DFB,Attack,0.7876478558984443
DFB,Defender,0.1653456965872802
DFB,Goalkeeper,0.004892168453667088
DFB,Midfield,0.3702343065849335
DFL,Attack,0.6659895531050494
DFL,Defender,0.14184397163120568
DFL,Midfield,0.30227640253762905
DK1,Attack,0.4686022854607718
DK1,Defender,0.12220378482908767
DK1,Goalkeeper,0.002629093352288772
DK1,Midfield,0.21381418402976596
DKP,Attack,0.6779517562420652
DKP,Defender,0.16804047122085825
DKP,Goalkeeper,0.004346146416843732
DKP,Midfield,0.3394357743097239
ECLQ,Attack,0.5792131143517979
ECLQ,Defender,0.1351763085281231
ECLQ,Goalkeeper,0.0013598247337009896
ECLQ,Midfield,0.28428690984058297
EJPL,Attack,0.5309914553099145
EJPL,Defender,0.09126026074360213
EJPL,Goalkeeper,0.0
EJPL,Midfield,0.2701522676417617
EL,Attack,0.5021791852658958
EL,Defender,0.10505194411335311
EL,Goalkeeper,0.0020787139689578712
EL,Midfield,0.2422189986009943
ELQ,Attack,0.5633683676274663
ELQ,Defender,0.1265793195338889
ELQ,Goalkeeper,0.002146673451214858
ELQ,Midfield,0.2710343556019913
ES1,Attack,0.45999523625144917
ES1,Defender,0.09099669674467022
ES1,Goalkeeper,0.002565255670481825
ES1,Midfield,0.20201890037356343
ES1,Missing,0.2488703041748162
FAC,Attack,0.5862252289910596
FAC,Defender,0.11099758628273622
FAC,Goalkeeper,0.0009554140127388536
FAC,Midfield,0.29702572616330053
FIWC,Attack,0.5203521310903861
FIWC,Defender,0.10025677818895855
FIWC,Goalkeeper,0.0
FIWC,Midfield,0.25857661123420417
FR1,Attack,0.47660539171194716
FR1,Defender,0.09061372509410258
FR1,Goalkeeper,0.0025413936551001255
FR1,Midfield,0.21094598469190362
FRCH,Attack,0.4878875148229713
FRCH,Defender,0.10410641989589357
FRCH,Midfield,0.2455103432598318
GB1,Attack,0.4791127195207551
GB1,Defender,0.09624713860549
GB1,Goalkeeper,0.003962338912054945
GB1,Midfield,0.23554863012662441
GBCS,Attack,0.44690052859202306
GBCS,Defender,0.09990917347865577
GBCS,Midfield,0.25355218030377263
GR1,Attack,0.3904730651652015
GR1,Defender,0.08252807475491762
GR1,Goalkeeper,0.002145706294988767
GR1,Midfield,0.19468495738057917
GR1,Missing,0.08949499254208396
GRP,Attack,0.4681059524584078
GRP,Defender,0.09652548262741314
GRP,Goalkeeper,0.0009214796916114632
GRP,Midfield,0.24072804617878263
IT1,Attack,0.4985622392500374
IT1,Defender,0.09796030491716362
IT1,Goalkeeper,0.002921805571118737
IT1,Midfield,0.2225486393745403
KLUB,Attack,0.5767846739093183
KLUB,Defender,0.13192377737307334
KLUB,Goalkeeper,0.0
KLUB,Midfield,0.34358316681082046
L1,Attack,0.543236014295955
L1,Defender,0.12421363989815055
L1,Goalkeeper,0.0030348738128001635
L1,Midfield,0.26783476084245933
NL1,Attack,0.5046288705881634
NL1,Defender,0.11326397433983247
NL1,Goalkeeper,0.00455409788913568
NL1,Midfield,0.2743648108274377
NL1,Missing,0.3949100482667837
NLP,Attack,0.6827935385357229
NLP,Defender,0.14849567425644558
NLP,Goalkeeper,0.0026197060107699026
NLP,Midfield,0.3700359812525725
NLSC,Attack,0.5802799182261362
NLSC,Defender,0.13285533530156052
NLSC,Midfield,0.3607214428857715
PO1,Attack,0.43312289160168455
PO1,Defender,0.10070138753963265
PO1,Goalkeeper,0.0023287230971200095
PO1,Midfield,0.2011992536821767
POBE,Attack,0.39309232630022845
POBE,Defender,0.11223392818748656
POBE,Goalkeeper,0.0
POBE,Midfield,0.1724468288944242
POCP,Attack,0.4556857859636892
POCP,Defender,0.11078527207559465
POCP,Goalkeeper,0.0014923393247993633
POCP,Midfield,0.19484068719388684
POSU,Attack,0.5384092454112849
POSU,Defender,0.06089309878213803
POSU,Midfield,0.24960380348652933
RU1,Attack,0.4613830912763297
RU1,Defender,0.0944425625249672
RU1,Goalkeeper,0.002998405847557715
RU1,Midfield,0.23527388582994058
RUP,Attack,0.49320065190959494
RUP,Defender,0.11465752775628169
RUP,Goalkeeper,0.0029089185287336505
RUP,Midfield,0.23707109173062885
RUSS,Attack,0.3671804170444243
RUSS,Defender,0.1255930784259001
RUSS,Midfield,0.29258777633289984
SC1,Attack,0.46762461542854283
SC1,Defender,0.11190848974583831
SC1,Goalkeeper,0.0036548223350253805
SC1,Midfield,0.2378455407254501
SC1,Missing,0.6641051390647513
SCI,Attack,0.48046342571558387
SCI,Defender,0.12253233492171545
SCI,Midfield,0.21780231414958784
SFA,Attack,0.6001932989690721
SFA,Defender,0.1364599825686039
SFA,Goalkeeper,0.0034208825877076287
SFA,Midfield,0.30953765184663873
SUC,Attack,0.6111872282123071
SUC,Defender,0.0782608695652174
SUC,Goalkeeper,0.0
SUC,Midfield,0.19316008025008163
TR1,Attack,0.4740141265660224
TR1,Defender,0.10261239870602605
TR1,Goalkeeper,0.004286007346045639
TR1,Midfield,0.2267996174290349
UKR1,Attack,0.4125853079939455
UKR1,Defender,0.09368391054581451
UKR1,Goalkeeper,0.00262187014251737
UKR1,Midfield,0.22642712674004584
UKRP,Attack,0.47684394198262386
UKRP,Defender,0.10186395175268328
UKRP,Goalkeeper,0.004083577213639148
UKRP,Midfield,0.2452214323255235
UKRS,Attack,0.3125
UKRS,Defender,0.13548095739876562
UKRS,Midfield,0.21935933147632314
USC,Attack,0.67915036333147
USC,Defender,0.12740444666500125
USC,Midfield,0.24370674957376393
_default,Attack,0.48600065355906746
_default,Defender,0.10368755193150433
_default,Goalkeeper,0.0030945816688234965
_default,Midfield,0.23489000815718886
_default,Missing,0.39429567705306445
